,src_node_id,dest_node_id
0,0,1
1,0,3
2,0,13
3,0,21
4,0,67
5,0,76
6,0,79
7,0,81
8,0,94
9,0,105
10,0,111
11,0,113
12,0,120
13,0,169
14,0,185
15,0,197
16,0,209
17,0,219
18,0,281
19,0,294
20,0,301
21,0,316
22,0,334
23,0,335
24,0,343
25,0,357
26,0,366
27,0,381
28,0,440
29,0,492
30,0,510
31,0,544
32,0,590
33,0,600
34,0,606
35,0,615
36,0,619
37,0,660
38,0,695
39,0,728
40,0,738
41,0,782
42,0,798
43,0,824
44,0,829
45,0,868
46,0,896
47,0,957
48,0,978
49,0,996
50,1,4
51,1,6
52,1,9
53,1,10
54,1,30
55,1,38
56,1,50
57,1,55
58,1,68
59,1,70
60,1,76
61,1,91
62,1,99
63,1,101
64,1,105
65,1,135
66,1,155
67,1,165
68,1,187
69,1,216
70,1,226
71,1,233
72,1,247
73,1,285
74,1,348
75,1,383
76,1,407
77,1,420
78,1,442
79,1,446
80,1,474
81,1,480
82,1,519
83,1,531
84,1,570
85,1,729
86,1,772
87,1,841
88,1,863
89,1,901
90,1,903
91,1,907
92,2,8
93,2,12
94,2,59
95,2,62
96,2,85
97,2,86
98,2,108
99,2,145
100,2,178
101,2,225
102,2,248
103,2,252
104,2,256
105,2,284
106,2,382
107,2,394
108,2,399
109,2,414
110,2,455
111,2,461
112,2,487
113,2,503
114,2,507
115,2,509
116,2,595
117,2,620
118,2,629
119,2,635
120,2,659
121,2,685
122,2,691
123,2,698
124,2,722
125,2,730
126,2,791
127,2,798
128,2,818
129,2,859
130,2,877
131,2,887
132,2,892
133,2,897
134,2,905
135,3,47
136,3,67
137,3,76
138,3,81
139,3,105
140,3,111
141,3,113
142,3,120
143,3,150
144,3,209
145,3,219
146,3,249
147,3,278
148,3,294
149,3,316
150,3,324
151,3,325
152,3,334
153,3,340
154,3,381
155,3,412
156,3,423
157,3,439
158,3,469
159,3,492
160,3,544
161,3,600
162,3,606
163,3,660
164,3,728
165,3,738
166,3,761
167,3,782
168,3,860
169,3,868
170,3,879
171,3,895
172,3,920
173,3,947
174,3,957
175,3,996
176,4,6
177,4,30
178,4,38
179,4,50
180,4,68
181,4,70
182,4,99
183,4,106
184,4,160
185,4,187
186,4,189
187,4,216
188,4,231
189,4,233
190,4,328
191,4,333
192,4,348
193,4,361
194,4,383
195,4,407
196,4,420
197,4,446
198,4,474
199,4,531
200,4,582
201,4,593
202,4,625
203,4,715
204,4,720
205,4,725
206,4,729
207,4,804
208,4,830
209,4,848
210,4,870
211,4,890
212,4,893
213,4,907
214,4,917
215,4,934
216,4,998
217,5,22
218,5,69
219,5,87
220,5,90
221,5,92
222,5,94
223,5,96
224,5,119
225,5,129
226,5,147
227,5,151
228,5,156
229,5,163
230,5,168
231,5,186
232,5,189
233,5,194
234,5,195
235,5,198
236,5,257
237,5,266
238,5,296
239,5,305
240,5,311
241,5,380
242,5,453
243,5,461
244,5,464
245,5,479
246,5,502
247,5,617
248,5,638
249,5,648
250,5,650
251,5,665
252,5,693
253,5,848
254,5,856
255,5,867
256,5,904
257,5,999
258,6,16
259,6,37
260,6,38
261,6,50
262,6,52
263,6,58
264,6,68
265,6,70
266,6,91
267,6,135
268,6,155
269,6,165
270,6,187
271,6,231
272,6,247
273,6,250
274,6,285
275,6,295
276,6,359
277,6,363
278,6,383
279,6,407
280,6,433
281,6,442
282,6,446
283,6,519
284,6,531
285,6,570
286,6,582
287,6,587
288,6,632
289,6,720
290,6,780
291,6,810
292,6,825
293,6,850
294,6,907
295,6,917
296,7,15
297,7,27
298,7,38
299,7,53
300,7,104
301,7,218
302,7,222
303,7,228
304,7,230
305,7,289
306,7,337
307,7,349
308,7,362
309,7,370
310,7,373
311,7,375
312,7,403
313,7,451
314,7,457
315,7,472
316,7,526
317,7,543
318,7,585
319,7,616
320,7,634
321,7,684
322,7,692
323,7,746
324,7,790
325,7,827
326,7,829
327,7,838
328,7,850
329,7,857
330,7,955
331,7,961
332,7,973
333,7,988
334,7,993
335,7,998
336,8,51
337,8,59
338,8,85
339,8,86
340,8,104
341,8,107
342,8,128
343,8,138
344,8,248
345,8,252
346,8,254
347,8,256
348,8,274
349,8,276
350,8,309
351,8,313
352,8,401
353,8,433
354,8,436
355,8,491
356,8,494
357,8,503
358,8,507
359,8,509
360,8,511
361,8,576
362,8,603
363,8,605
364,8,612
365,8,635
366,8,677
367,8,685
368,8,791
369,8,865
370,8,877
371,8,964
372,9,13
373,9,33
374,9,35
375,9,40
376,9,47
377,9,55
378,9,74
379,9,83
380,9,106
381,9,118
382,9,132
383,9,147
384,9,160
385,9,166
386,9,190
387,9,207
388,9,218
389,9,232
390,9,241
391,9,258
392,9,264
393,9,314
394,9,358
395,9,360
396,9,386
397,9,398
398,9,404
399,9,482
400,9,558
401,9,618
402,9,696
403,9,717
404,9,760
405,9,801
406,9,878
407,9,979
408,10,21
409,10,29
410,10,43
411,10,49
412,10,60
413,10,72
414,10,75
415,10,101
416,10,109
417,10,122
418,10,132
419,10,142
420,10,177
421,10,179
422,10,204
423,10,277
424,10,299
425,10,302
426,10,347
427,10,376
428,10,434
429,10,441
430,10,496
431,10,500
432,10,557
433,10,568
434,10,610
435,10,674
436,10,698
437,10,739
438,10,874
439,10,890
440,10,953
441,10,970
442,11,23
443,11,25
444,11,52
445,11,53
446,11,54
447,11,58
448,11,74
449,11,102
450,11,126
451,11,131
452,11,140
453,11,144
454,11,236
455,11,237
456,11,286
457,11,300
458,11,319
459,11,327
460,11,332
461,11,339
462,11,352
463,11,390
464,11,393
465,11,429
466,11,462
467,11,549
468,11,575
469,11,598
470,11,665
471,11,758
472,11,815
473,11,817
474,11,861
475,11,923
476,11,986
477,12,52
478,12,54
479,12,58
480,12,103
481,12,115
482,12,118
483,12,124
484,12,126
485,12,130
486,12,131
487,12,144
488,12,146
489,12,162
490,12,191
491,12,235
492,12,236
493,12,332
494,12,393
495,12,406
496,12,462
497,12,518
498,12,549
499,12,560
500,12,575
501,12,662
502,12,688
503,12,716
504,12,734
505,12,815
506,12,874
507,12,895
508,12,902
509,12,928
510,13,33
511,13,35
512,13,40
513,13,41
514,13,55
515,13,106
516,13,160
517,13,166
518,13,174
519,13,190
520,13,198
521,13,203
522,13,232
523,13,241
524,13,264
525,13,275
526,13,277
527,13,337
528,13,358
529,13,360
530,13,386
531,13,411
532,13,608
533,13,618
534,13,684
535,13,736
536,13,806
537,13,807
538,13,878
539,13,881
540,13,972
541,14,17
542,14,18
543,14,63
544,14,80
545,14,102
546,14,137
547,14,139
548,14,159
549,14,187
550,14,190
551,14,202
552,14,221
553,14,263
554,14,291
555,14,306
556,14,322
557,14,336
558,14,341
559,14,391
560,14,408
561,14,422
562,14,524
563,14,528
564,14,545
565,14,552
566,14,583
567,14,605
568,14,636
569,14,751
570,14,778
571,14,812
572,14,911
573,14,994
574,15,23
575,15,27
576,15,35
577,15,53
578,15,94
579,15,104
580,15,196
581,15,218
582,15,228
583,15,230
584,15,235
585,15,253
586,15,362
587,15,373
588,15,403
589,15,415
590,15,451
591,15,472
592,15,499
593,15,501
594,15,589
595,15,616
596,15,667
597,15,776
598,15,819
599,15,831
600,15,837
601,15,936
602,15,944
603,15,947
604,15,993
605,16,44
606,16,78
607,16,93
608,16,97
609,16,125
610,16,133
611,16,184
612,16,188
613,16,207
614,16,212
615,16,259
616,16,292
617,16,311
618,16,326
619,16,338
620,16,361
621,16,362
622,16,416
623,16,468
624,16,574
625,16,586
626,16,614
627,16,661
628,16,673
629,16,845
630,16,933
631,16,940
632,16,945
633,16,949
634,16,950
635,16,990
636,17,18
637,17,20
638,17,63
639,17,64
640,17,88
641,17,93
642,17,102
643,17,138
644,17,139
645,17,202
646,17,215
647,17,224
648,17,229
649,17,276
650,17,306
651,17,307
652,17,322
653,17,369
654,17,395
655,17,473
656,17,478
657,17,532
658,17,583
659,17,593
660,17,601
661,17,666
662,17,812
663,17,827
664,17,849
665,17,911
666,17,922
667,18,63
668,18,102
669,18,116
670,18,207
671,18,212
672,18,221
673,18,224
674,18,229
675,18,276
676,18,308
677,18,366
678,18,371
679,18,524
680,18,545
681,18,552
682,18,566
683,18,594
684,18,601
685,18,666
686,18,670
687,18,678
688,18,748
689,18,783
690,18,802
691,18,827
692,18,840
693,18,926
694,18,938
695,18,983
696,18,997
697,19,32
698,19,54
699,19,66
700,19,71
701,19,72
702,19,77
703,19,93
704,19,157
705,19,170
706,19,261
707,19,315
708,19,353
709,19,359
710,19,363
711,19,396
712,19,424
713,19,459
714,19,495
715,19,525
716,19,641
717,19,726
718,19,732
719,19,750
720,19,755
721,19,777
722,19,779
723,19,823
724,19,826
725,19,866
726,20,31
727,20,36
728,20,71
729,20,89
730,20,116
731,20,198
732,20,221
733,20,229
734,20,282
735,20,291
736,20,322
737,20,341
738,20,422
739,20,532
740,20,583
741,20,586
742,20,596
743,20,637
744,20,657
745,20,666
746,20,703
747,20,783
748,20,827
749,20,840
750,20,849
751,20,921
752,20,938
753,21,24
754,21,29
755,21,60
756,21,94
757,21,136
758,21,179
759,21,224
760,21,242
761,21,271
762,21,345
763,21,367
764,21,376
765,21,430
766,21,441
767,21,445
768,21,460
769,21,467
770,21,496
771,21,500
772,21,633
773,21,659
774,21,691
775,21,753
776,21,920
777,21,942
778,22,26
779,22,46
780,22,87
781,22,90
782,22,92
783,22,96
784,22,119
785,22,129
786,22,132
787,22,156
788,22,195
789,22,255
790,22,296
791,22,313
792,22,453
793,22,479
794,22,502
795,22,539
796,22,628
797,22,648
798,22,650
799,22,655
800,22,694
801,22,867
802,22,885
803,22,999
804,23,25
805,23,54
806,23,56
807,23,58
808,23,74
809,23,80
810,23,117
811,23,141
812,23,144
813,23,200
814,23,235
815,23,279
816,23,312
817,23,406
818,23,462
819,23,516
820,23,684
821,23,717
822,23,788
823,23,817
824,23,820
825,23,849
826,23,971
827,24,26
828,24,29
829,24,43
830,24,88
831,24,97
832,24,134
833,24,149
834,24,171
835,24,199
836,24,227
837,24,265
838,24,280
839,24,368
840,24,378
841,24,441
842,24,444
843,24,500
844,24,546
845,24,633
846,24,674
847,24,706
848,24,768
849,24,890
850,24,920
851,25,54
852,25,74
853,25,77
854,25,124
855,25,126
856,25,144
857,25,162
858,25,175
859,25,187
860,25,271
861,25,289
862,25,327
863,25,339
864,25,392
865,25,465
866,25,477
867,25,491
868,25,517
869,25,550
870,25,599
871,25,766
872,25,824
873,25,939
874,26,29
875,26,43
876,26,49
877,26,60
878,26,72
879,26,75
880,26,109
881,26,136
882,26,171
883,26,180
884,26,204
885,26,277
886,26,292
887,26,299
888,26,364
889,26,367
890,26,378
891,26,385
892,26,400
893,26,561
894,26,770
895,26,852
896,26,920
897,27,104
898,27,119
899,27,152
900,27,196
901,27,228
902,27,271
903,27,294
904,27,299
905,27,375
906,27,457
907,27,471
908,27,533
909,27,597
910,27,634
911,27,680
912,27,692
913,27,776
914,27,786
915,27,819
916,27,864
917,27,885
918,27,973
919,28,31
920,28,37
921,28,98
922,28,138
923,28,161
924,28,183
925,28,199
926,28,205
927,28,239
928,28,290
929,28,374
930,28,388
931,28,410
932,28,415
933,28,435
934,28,456
935,28,497
936,28,506
937,28,550
938,28,563
939,28,647
940,28,676
941,28,722
942,28,754
943,29,43
944,29,49
945,29,75
946,29,109
947,29,136
948,29,170
949,29,210
950,29,302
951,29,307
952,29,376
953,29,385
954,29,394
955,29,441
956,29,466
957,29,467
958,29,625
959,29,633
960,29,707
961,29,890
962,30,38
963,30,50
964,30,68
965,30,91
966,30,103
967,30,135
968,30,155
969,30,216
970,30,233
971,30,321
972,30,407
973,30,443
974,30,480
975,30,519
976,30,587
977,30,671
978,30,723
979,30,725
980,30,863
981,30,917
982,30,930
983,31,37
984,31,98
985,31,138
986,31,161
987,31,170
988,31,290
989,31,377
990,31,380
991,31,409
992,31,456
993,31,531
994,31,538
995,31,579
996,31,584
997,31,626
998,31,642
999,31,643
1000,31,652
1001,31,682
1002,31,832
1003,31,909
1004,32,77
1005,32,157
1006,32,168
1007,32,181
1008,32,215
1009,32,243
1010,32,251
1011,32,261
1012,32,315
1013,32,342
1014,32,357
1015,32,396
1016,32,483
1017,32,484
1018,32,543
1019,32,582
1020,32,690
1021,32,749
1022,32,755
1023,32,777
1024,32,826
1025,32,989
1026,33,41
1027,33,55
1028,33,83
1029,33,103
1030,33,118
1031,33,166
1032,33,167
1033,33,216
1034,33,232
1035,33,249
1036,33,300
1037,33,358
1038,33,386
1039,33,452
1040,33,557
1041,33,588
1042,33,592
1043,33,699
1044,33,839
1045,33,842
1046,34,36
1047,34,49
1048,34,80
1049,34,82
1050,34,100
1051,34,107
1052,34,114
1053,34,203
1054,34,234
1055,34,275
1056,34,329
1057,34,470
1058,34,513
1059,34,529
1060,34,609
1061,34,771
1062,34,792
1063,34,800
1064,34,806
1065,34,873
1066,34,875
1067,34,900
1068,35,101
1069,35,147
1070,35,190
1071,35,217
1072,35,226
1073,35,241
1074,35,246
1075,35,258
1076,35,300
1077,35,314
1078,35,323
1079,35,458
1080,35,640
1081,35,752
1082,35,806
1083,35,807
1084,35,834
1085,35,843
1086,35,958
1087,36,42
1088,36,46
1089,36,48
1090,36,64
1091,36,65
1092,36,82
1093,36,93
1094,36,114
1095,36,130
1096,36,240
1097,36,267
1098,36,303
1099,36,351
1100,36,421
1101,36,604
1102,36,613
1103,36,773
1104,36,844
1105,36,926
1106,36,983
1107,37,70
1108,37,98
1109,37,161
1110,37,170
1111,37,183
1112,37,310
1113,37,374
1114,37,377
1115,37,388
1116,37,419
1117,37,428
1118,37,456
1119,37,506
1120,37,550
1121,37,563
1122,37,631
1123,37,754
1124,37,864
1125,37,909
1126,38,50
1127,38,70
1128,38,93
1129,38,135
1130,38,165
1131,38,167
1132,38,181
1133,38,247
1134,38,328
1135,38,405
1136,38,420
1137,38,474
1138,38,632
1139,38,725
1140,38,830
1141,38,901
1142,39,121
1143,39,154
1144,39,173
1145,39,214
1146,39,215
1147,39,220
1148,39,237
1149,39,302
1150,39,336
1151,39,418
1152,39,432
1153,39,481
1154,39,574
1155,39,577
1156,39,624
1157,39,780
1158,39,820
1159,39,915
1160,39,940
1161,39,948
1162,39,976
1163,40,41
1164,40,55
1165,40,73
1166,40,76
1167,40,147
1168,40,174
1169,40,178
1170,40,203
1171,40,232
1172,40,237
1173,40,249
1174,40,314
1175,40,358
1176,40,404
1177,40,640
1178,40,670
1179,40,677
1180,40,839
1181,40,846
1182,41,61
1183,41,83
1184,41,106
1185,41,110
1186,41,160
1187,41,274
1188,41,293
1189,41,404
1190,41,411
1191,41,417
1192,41,458
1193,41,570
1194,41,571
1195,41,602
1196,41,677
1197,41,801
1198,41,843
1199,41,846
1200,42,46
1201,42,80
1202,42,82
1203,42,84
1204,42,107
1205,42,112
1206,42,130
1207,42,140
1208,42,240
1209,42,324
1210,42,418
1211,42,454
1212,42,470
1213,42,528
1214,42,604
1215,42,609
1216,42,613
1217,42,681
1218,42,773
1219,42,863
1220,43,61
1221,43,75
1222,43,134
1223,43,150
1224,43,171
1225,43,179
1226,43,242
1227,43,273
1228,43,460
1229,43,686
1230,43,741
1231,43,788
1232,43,813
1233,43,942
1234,43,954
1235,43,999
1236,44,78
1237,44,91
1238,44,93
1239,44,97
1240,44,125
1241,44,207
1242,44,259
1243,44,260
1244,44,292
1245,44,321
1246,44,326
1247,44,361
1248,44,521
1249,44,535
1250,44,574
1251,44,580
1252,44,673
1253,44,727
1254,44,949
1255,45,57
1256,45,65
1257,45,73
1258,45,80
1259,45,95
1260,45,107
1261,45,112
1262,45,202
1263,45,240
1264,45,421
1265,45,454
1266,45,505
1267,45,604
1268,45,644
1269,45,649
1270,45,714
1271,45,731
1272,45,800
1273,45,871
1274,45,873
1275,46,48
1276,46,65
1277,46,73
1278,46,83
1279,46,95
1280,46,107
1281,46,110
1282,46,140
1283,46,176
1284,46,267
1285,46,329
1286,46,413
1287,46,470
1288,46,529
1289,46,650
1290,46,736
1291,46,835
1292,47,67
1293,47,76
1294,47,111
1295,47,114
1296,47,179
1297,47,197
1298,47,209
1299,47,217
1300,47,281
1301,47,301
1302,47,440
1303,47,551
1304,47,590
1305,47,600
1306,47,622
1307,47,695
1308,47,782
1309,47,896
1310,48,57
1311,48,73
1312,48,95
1313,48,100
1314,48,110
1315,48,130
1316,48,205
1317,48,234
1318,48,251
1319,48,262
1320,48,275
1321,48,329
1322,48,513
1323,48,553
1324,48,627
1325,48,791
1326,48,872
1327,48,984
1328,49,75
1329,49,90
1330,49,109
1331,49,150
1332,49,192
1333,49,273
1334,49,331
1335,49,382
1336,49,437
1337,49,445
1338,49,486
1339,49,565
1340,49,876
1341,49,899
1342,49,942
1343,50,56
1344,50,70
1345,50,99
1346,50,187
1347,50,232
1348,50,285
1349,50,328
1350,50,359
1351,50,685
1352,50,725
1353,50,729
1354,50,805
1355,50,848
1356,50,942
1357,51,94
1358,51,145
1359,51,178
1360,51,274
1361,51,394
1362,51,399
1363,51,436
1364,51,441
1365,51,447
1366,51,499
1367,51,509
1368,51,576
1369,51,603
1370,51,685
1371,51,791
1372,51,793
1373,51,794
1374,51,798
1375,52,103
1376,52,113
1377,52,124
1378,52,131
1379,52,143
1380,52,146
1381,52,153
1382,52,191
1383,52,280
1384,52,356
1385,52,384
1386,52,517
1387,52,575
1388,52,599
1389,52,607
1390,52,815
1391,53,153
1392,53,196
1393,53,226
1394,53,228
1395,53,230
1396,53,253
1397,53,269
1398,53,471
1399,53,616
1400,53,634
1401,53,781
1402,53,880
1403,53,885
1404,53,941
1405,53,961
1406,53,973
1407,54,58
1408,54,141
1409,54,192
1410,54,283
1411,54,289
1412,54,303
1413,54,312
1414,54,429
1415,54,518
1416,54,764
1417,54,882
1418,54,898
1419,54,923
1420,54,986
1421,55,118
1422,55,121
1423,55,132
1424,55,190
1425,55,232
1426,55,314
1427,55,386
1428,55,388
1429,55,452
1430,55,806
1431,55,853
1432,55,924
1433,55,958
1434,55,962
1435,56,115
1436,56,117
1437,56,222
1438,56,235
1439,56,280
1440,56,283
1441,56,316
1442,56,327
1443,56,390
1444,56,517
1445,56,547
1446,56,688
1447,56,833
1448,56,939
1449,56,965
1450,56,974
1451,56,977
1452,57,63
1453,57,64
1454,57,73
1455,57,82
1456,57,100
1457,57,114
1458,57,130
1459,57,140
1460,57,196
1461,57,275
1462,57,290
1463,57,329
1464,57,520
1465,57,562
1466,57,569
1467,57,705
1468,57,910
1469,58,67
1470,58,141
1471,58,143
1472,58,151
1473,58,162
1474,58,191
1475,58,236
1476,58,266
1477,58,392
1478,58,406
1479,58,491
1480,58,717
1481,58,724
1482,58,811
1483,59,108
1484,59,123
1485,59,128
1486,59,252
1487,59,256
1488,59,313
1489,59,447
1490,59,480
1491,59,509
1492,59,623
1493,59,635
1494,59,662
1495,59,697
1496,59,704
1497,59,712
1498,59,881
1499,60,134
1500,60,192
1501,60,204
1502,60,293
1503,60,354
1504,60,365
1505,60,460
1506,60,537
1507,60,613
1508,60,683
1509,60,821
1510,60,855
1511,60,876
1512,60,917
1513,60,942
1514,61,83
1515,61,165
1516,61,174
1517,61,176
1518,61,203
1519,61,213
1520,61,258
1521,61,264
1522,61,288
1523,61,360
1524,61,592
1525,61,670
1526,61,736
1527,61,756
1528,61,843
1529,61,878
1530,62,76
1531,62,85
1532,62,108
1533,62,123
1534,62,225
1535,62,248
1536,62,259
1537,62,399
1538,62,447
1539,62,507
1540,62,612
1541,62,629
1542,62,685
1543,62,691
1544,62,774
1545,62,828
1546,62,918
1547,63,89
1548,63,167
1549,63,282
1550,63,572
1551,63,583
1552,63,594
1553,63,601
1554,63,668
1555,63,681
1556,63,757
1557,63,785
1558,63,860
1559,63,938
1560,63,995
1561,64,73
1562,64,79
1563,64,82
1564,64,95
1565,64,100
1566,64,107
1567,64,110
1568,64,114
1569,64,240
1570,64,320
1571,64,413
1572,64,573
1573,64,612
1574,64,875
1575,64,966
1576,65,95
1577,65,100
1578,65,107
1579,65,110
1580,65,163
1581,65,176
1582,65,287
1583,65,454
1584,65,520
1585,65,592
1586,65,609
1587,65,705
1588,65,711
1589,65,745
1590,65,749
1591,66,71
1592,66,77
1593,66,100
1594,66,104
1595,66,168
1596,66,206
1597,66,350
1598,66,384
1599,66,459
1600,66,493
1601,66,548
1602,66,646
1603,66,779
1604,66,875
1605,66,882
1606,66,932
1607,67,111
1608,67,169
1609,67,278
1610,67,316
1611,67,325
1612,67,412
1613,67,473
1614,67,492
1615,67,510
1616,67,615
1617,67,622
1618,67,674
1619,67,695
1620,68,155
1621,68,165
1622,68,285
1623,68,328
1624,68,359
1625,68,375
1626,68,587
1627,68,805
1628,68,810
1629,68,825
1630,68,932
1631,68,952
1632,68,998
1633,69,96
1634,69,116
1635,69,149
1636,69,186
1637,69,189
1638,69,195
1639,69,255
1640,69,266
1641,69,655
1642,69,680
1643,69,689
1644,69,735
1645,69,770
1646,69,799
1647,69,912
1648,69,960
1649,70,91
1650,70,99
1651,70,148
1652,70,216
1653,70,247
1654,70,433
1655,70,580
1656,70,772
1657,70,804
1658,70,841
1659,70,998
1660,71,77
1661,71,144
1662,71,159
1663,71,164
1664,71,353
1665,71,363
1666,71,459
1667,71,577
1668,71,732
1669,71,742
1670,71,777
1671,71,823
1672,71,826
1673,71,963
1674,72,80
1675,72,84
1676,72,109
1677,72,139
1678,72,264
1679,72,298
1680,72,322
1681,72,414
1682,72,571
1683,72,620
1684,72,638
1685,72,700
1686,72,714
1687,72,972
1688,73,80
1689,73,101
1690,73,176
1691,73,234
1692,73,267
1693,73,389
1694,73,421
1695,73,454
1696,73,743
1697,73,944
1698,73,969
1699,74,94
1700,74,117
1701,74,126
1702,74,131
1703,74,153
1704,74,191
1705,74,200
1706,74,229
1707,74,327
1708,74,352
1709,74,671
1710,74,817
1711,74,861
1712,75,136
1713,75,150
1714,75,179
1715,75,180
1716,75,210
1717,75,262
1718,75,337
1719,75,434
1720,75,444
1721,75,466
1722,75,627
1723,75,739
1724,76,79
1725,76,81
1726,76,113
1727,76,197
1728,76,219
1729,76,278
1730,76,334
1731,76,343
1732,76,626
1733,76,978
1734,77,181
1735,77,239
1736,77,357
1737,77,450
1738,77,630
1739,77,646
1740,77,732
1741,77,733
1742,77,766
1743,77,854
1744,77,981
1745,78,87
1746,78,260
1747,78,292
1748,78,298
1749,78,305
1750,78,330
1751,78,468
1752,78,505
1753,78,535
1754,78,545
1755,78,747
1756,78,774
1757,78,889
1758,78,933
1759,79,111
1760,79,113
1761,79,120
1762,79,217
1763,79,325
1764,79,335
1765,79,343
1766,79,469
1767,79,527
1768,79,695
1769,79,728
1770,79,755
1771,79,896
1772,80,110
1773,80,112
1774,80,176
1775,80,234
1776,80,251
1777,80,329
1778,80,609
1779,80,743
1780,80,900
1781,81,113
1782,81,120
1783,81,219
1784,81,270
1785,81,285
1786,81,301
1787,81,396
1788,81,440
1789,81,590
1790,81,606
1791,81,622
1792,81,738
1793,81,869
1794,82,130
1795,82,226
1796,82,387
1797,82,578
1798,82,607
1799,82,681
1800,82,745
1801,82,759
1802,82,773
1803,82,822
1804,82,926
1805,83,147
1806,83,190
1807,83,203
1808,83,323
1809,83,402
1810,83,459
1811,83,558
1812,83,573
1813,83,589
1814,83,647
1815,83,846
1816,84,94
1817,84,167
1818,84,251
1819,84,281
1820,84,287
1821,84,310
1822,84,324
1823,84,332
1824,84,346
1825,84,381
1826,84,456
1827,84,599
1828,84,847
1829,85,86
1830,85,145
1831,85,198
1832,85,274
1833,85,501
1834,85,662
1835,85,719
1836,85,792
1837,85,797
1838,85,907
1839,85,908
1840,85,967
1841,86,284
1842,86,355
1843,86,431
1844,86,461
1845,86,463
1846,86,465
1847,86,580
1848,86,612
1849,86,719
1850,86,797
1851,86,897
1852,86,918
1853,87,90
1854,87,92
1855,87,117
1856,87,186
1857,87,189
1858,87,194
1859,87,255
1860,87,296
1861,87,448
1862,87,514
1863,87,931
1864,87,971
1865,88,172
1866,88,202
1867,88,224
1868,88,263
1869,88,282
1870,88,308
1871,88,341
1872,88,408
1873,88,424
1874,88,478
1875,88,515
1876,88,636
1877,88,921
1878,89,91
1879,89,102
1880,89,177
1881,89,221
1882,89,308
1883,89,318
1884,89,391
1885,89,473
1886,89,594
1887,89,689
1888,89,737
1889,89,812
1890,89,894
1891,90,96
1892,90,129
1893,90,149
1894,90,151
1895,90,189
1896,90,257
1897,90,311
1898,90,453
1899,90,502
1900,90,707
1901,90,966
1902,91,99
1903,91,135
1904,91,155
1905,91,317
1906,91,420
1907,91,474
1908,91,485
1909,91,486
1910,91,841
1911,92,96
1912,92,119
1913,92,149
1914,92,156
1915,92,189
1916,92,242
1917,92,257
1918,92,380
1919,92,489
1920,92,775
1921,92,836
1922,92,959
1923,93,114
1924,93,163
1925,93,379
1926,93,380
1927,93,639
1928,93,679
1929,93,713
1930,93,734
1931,93,754
1932,94,133
1933,94,145
1934,94,157
1935,94,221
1936,94,255
1937,94,419
1938,94,533
1939,94,770
1940,95,101
1941,95,130
1942,95,243
1943,95,389
1944,95,520
1945,95,553
1946,95,591
1947,95,713
1948,95,844
1949,96,156
1950,96,163
1951,96,186
1952,96,194
1953,96,373
1954,96,380
1955,96,426
1956,96,527
1957,96,714
1958,97,133
1959,97,184
1960,97,207
1961,97,212
1962,97,330
1963,97,350
1964,97,449
1965,97,455
1966,97,457
1967,97,468
1968,97,673
1969,98,170
1970,98,213
1971,98,281
1972,98,353
1973,98,377
1974,98,410
1975,98,430
1976,98,522
1977,98,579
1978,98,909
1979,98,929
1980,99,216
1981,99,252
1982,99,288
1983,99,317
1984,99,420
1985,99,485
1986,99,500
1987,99,825
1988,99,848
1989,100,110
1990,100,114
1991,100,176
1992,100,198
1993,100,454
1994,100,513
1995,100,541
1996,100,984
1997,101,122
1998,101,399
1999,101,416
2000,101,494
2001,101,545
2002,101,579
2003,101,623
2004,101,728
2005,101,853
2006,102,153
2007,102,159
2008,102,244
2009,102,263
2010,102,651
2011,102,744
2012,102,757
2013,102,921
2014,102,930
2015,103,146
2016,103,193
2017,103,283
2018,103,312
2019,103,688
2020,103,764
2021,103,833
2022,103,883
2023,103,937
2024,103,961
2025,104,185
2026,104,196
2027,104,230
2028,104,262
2029,104,499
2030,104,597
2031,104,880
2032,104,968
2033,104,993
2034,105,113
2035,105,120
2036,105,219
2037,105,278
2038,105,301
2039,105,325
2040,105,335
2041,105,381
2042,105,619
2043,105,740
2044,105,761
2045,106,132
2046,106,147
2047,106,166
2048,106,293
2049,106,300
2050,106,377
2051,106,602
2052,106,608
2053,106,640
2054,106,881
2055,107,146
2056,107,320
2057,107,438
2058,107,460
2059,107,553
2060,107,773
2061,107,822
2062,108,123
2063,108,128
2064,108,156
2065,108,253
2066,108,274
2067,108,284
2068,108,313
2069,108,399
2070,108,436
2071,108,905
2072,108,994
2073,109,127
2074,109,150
2075,109,223
2076,109,378
2077,109,385
2078,109,419
2079,109,665
2080,109,740
2081,109,821
2082,110,112
2083,110,197
2084,110,438
2085,110,470
2086,110,578
2087,110,613
2088,110,723
2089,111,148
2090,111,270
2091,111,278
2092,111,281
2093,111,340
2094,111,382
2095,111,540
2096,111,660
2097,111,896
2098,112,114
2099,112,127
2100,112,130
2101,112,234
2102,112,373
2103,112,520
2104,112,604
2105,112,711
2106,112,875
2107,112,984
2108,113,209
2109,113,335
2110,113,381
2111,113,389
2112,113,590
2113,113,626
2114,113,654
2115,114,130
2116,114,140
2117,114,240
2118,114,251
2119,114,267
2120,114,320
2121,115,124
2122,115,144
2123,115,200
2124,115,202
2125,115,235
2126,115,393
2127,115,477
2128,115,517
2129,115,559
2130,115,611
2131,115,797
2132,115,937
2133,116,182
2134,116,202
2135,116,366
2136,116,395
2137,116,524
2138,116,594
2139,116,596
2140,116,658
2141,116,703
2142,116,779
2143,116,809
2144,117,124
2145,117,289
2146,117,327
2147,117,356
2148,117,442
2149,117,489
2150,117,517
2151,117,764
2152,117,879
2153,117,893
2154,118,179
2155,118,226
2156,118,323
2157,118,358
2158,118,411
2159,118,573
2160,118,767
2161,118,842
2162,118,959
2163,118,972
2164,119,129
2165,119,151
2166,119,197
2167,119,479
2168,119,621
2169,119,648
2170,119,655
2171,119,664
2172,119,693
2173,120,209
2174,120,278
2175,120,381
2176,120,406
2177,120,600
2178,120,615
2179,120,626
2180,120,997
2181,121,154
2182,121,214
2183,121,304
2184,121,316
2185,121,336
2186,121,346
2187,121,382
2188,121,414
2189,121,432
2190,121,475
2191,121,886
2192,122,179
2193,122,242
2194,122,244
2195,122,265
2196,122,376
2197,122,486
2198,122,710
2199,122,753
2200,122,782
2201,122,841
2202,122,890
2203,123,128
2204,123,148
2205,123,178
2206,123,256
2207,123,340
2208,123,484
2209,123,620
2210,123,706
2211,123,877
2212,123,892
2213,124,146
2214,124,163
2215,124,193
2216,124,286
2217,124,293
2218,124,489
2219,124,594
2220,124,724
2221,125,238
2222,125,260
2223,125,298
2224,125,330
2225,125,370
2226,125,521
2227,125,656
2228,125,661
2229,125,663
2230,125,845
2231,125,949
2232,126,143
2233,126,210
2234,126,312
2235,126,325
2236,126,356
2237,126,390
2238,126,687
2239,126,716
2240,126,758
2241,127,201
2242,127,208
2243,127,214
2244,127,425
2245,127,512
2246,127,542
2247,127,564
2248,127,645
2249,127,765
2250,127,813
2251,127,935
2252,128,164
2253,128,254
2254,128,382
2255,128,654
2256,128,730
2257,128,794
2258,128,818
2259,128,905
2260,128,967
2261,129,156
2262,129,303
2263,129,448
2264,129,451
2265,129,562
2266,129,638
2267,129,718
2268,129,872
2269,129,982
2270,130,151
2271,130,530
2272,130,745
2273,130,835
2274,131,143
2275,131,235
2276,131,289
2277,131,319
2278,131,387
2279,131,406
2280,131,510
2281,131,973
2282,131,974
2283,132,190
2284,132,241
2285,132,288
2286,132,542
2287,132,608
2288,132,696
2289,132,793
2290,132,822
2291,133,207
2292,133,259
2293,133,292
2294,133,296
2295,133,305
2296,133,416
2297,133,535
2298,133,593
2299,133,614
2300,133,956
2301,134,166
2302,134,180
2303,134,242
2304,134,265
2305,134,354
2306,134,434
2307,134,441
2308,134,445
2309,134,540
2310,134,854
2311,135,247
2312,135,317
2313,135,474
2314,135,480
2315,135,649
2316,135,701
2317,135,804
2318,135,901
2319,136,211
2320,136,262
2321,136,273
2322,136,277
2323,136,378
2324,136,597
2325,136,625
2326,136,686
2327,136,702
2328,137,172
2329,137,202
2330,137,225
2331,137,276
2332,137,291
2333,137,308
2334,137,309
2335,137,324
2336,137,572
2337,137,586
2338,137,668
2339,137,678
2340,138,161
2341,138,170
2342,138,183
2343,138,310
2344,138,374
2345,138,428
2346,138,435
2347,138,506
2348,139,182
2349,139,229
2350,139,295
2351,139,422
2352,139,556
2353,139,594
2354,139,664
2355,139,668
2356,139,737
2357,140,295
2358,140,320
2359,140,389
2360,140,399
2361,140,470
2362,140,530
2363,140,731
2364,141,236
2365,141,279
2366,141,280
2367,141,450
2368,141,477
2369,141,522
2370,141,536
2371,141,601
2372,141,687
2373,142,177
2374,142,179
2375,142,227
2376,142,250
2377,142,347
2378,142,571
2379,142,610
2380,142,679
2381,142,739
2382,142,821
2383,142,950
2384,143,332
2385,143,392
2386,143,462
2387,143,498
2388,143,536
2389,143,624
2390,143,671
2391,143,928
2392,144,175
2393,144,237
2394,144,536
2395,144,828
2396,144,862
2397,144,977
2398,145,252
2399,145,501
2400,145,583
2401,145,627
2402,145,719
2403,145,865
2404,145,908
2405,145,967
2406,146,280
2407,146,283
2408,146,324
2409,146,356
2410,146,679
2411,146,717
2412,146,874
2413,147,249
2414,147,400
2415,147,452
2416,147,618
2417,147,730
2418,147,881
2419,148,172
2420,148,437
2421,148,473
2422,148,480
2423,148,506
2424,148,562
2425,148,577
2426,148,614
2427,148,802
2428,149,163
2429,149,296
2430,149,502
2431,149,611
2432,149,655
2433,149,836
2434,149,904
2435,149,981
2436,150,192
2437,150,223
2438,150,227
2439,150,250
2440,150,321
2441,150,855
2442,150,859
2443,151,156
2444,151,453
2445,151,539
2446,151,621
2447,151,680
2448,151,735
2449,151,912
2450,152,222
2451,152,228
2452,152,327
2453,152,337
2454,152,471
2455,152,526
2456,152,616
2457,152,667
2458,152,952
2459,152,961
2460,152,988
2461,153,191
2462,153,236
2463,153,286
2464,153,332
2465,153,352
2466,153,450
2467,153,549
2468,153,883
2469,154,369
2470,154,379
2471,154,567
2472,154,588
2473,154,816
2474,154,895
2475,154,899
2476,154,902
2477,154,935
2478,154,948
2479,155,177
2480,155,272
2481,155,359
2482,155,433
2483,155,841
2484,155,867
2485,155,893
2486,156,195
2487,156,311
2488,156,518
2489,156,617
2490,156,655
2491,157,158
2492,157,350
2493,157,353
2494,157,459
2495,157,543
2496,157,630
2497,157,656
2498,157,742
2499,157,766
2500,158,159
2501,158,307
2502,158,618
2503,158,622
2504,158,643
2505,158,756
2506,158,757
2507,158,861
2508,158,913
2509,158,928
2510,158,996
2511,159,276
2512,159,458
2513,159,566
2514,159,658
2515,159,737
2516,159,751
2517,159,759
2518,159,921
2519,160,258
2520,160,355
2521,160,452
2522,160,640
2523,160,670
2524,160,677
2525,160,767
2526,161,237
2527,161,290
2528,161,415
2529,161,533
2530,161,563
2531,161,584
2532,161,647
2533,162,272
2534,162,390
2535,162,429
2536,162,465
2537,162,607
2538,162,788
2539,162,833
2540,162,912
2541,163,303
2542,163,621
2543,163,653
2544,163,718
2545,163,775
2546,164,243
2547,164,384
2548,164,488
2549,164,493
2550,164,552
2551,164,779
2552,164,854
2553,164,891
2554,164,963
2555,165,348
2556,165,383
2557,165,431
2558,165,531
2559,165,780
2560,165,893
2561,166,386
2562,166,398
2563,166,438
2564,166,551
2565,166,663
2566,166,853
2567,167,177
2568,167,295
2569,167,355
2570,167,360
2571,167,571
2572,167,731
2573,167,965
2574,168,206
2575,168,243
2576,168,261
2577,168,732
2578,168,733
2579,168,750
2580,168,778
2581,168,816
2582,169,270
2583,169,294
2584,169,321
2585,169,325
2586,169,340
2587,169,440
2588,169,492
2589,169,840
2590,169,860
2591,170,430
2592,170,435
2593,170,497
2594,170,643
2595,170,676
2596,171,244
2597,171,277
2598,171,286
2599,171,434
2600,171,437
2601,171,486
2602,171,546
2603,171,970
2604,172,308
2605,172,371
2606,172,478
2607,172,586
2608,172,703
2609,172,744
2610,172,748
2611,172,924
2612,173,193
2613,173,208
2614,173,336
2615,173,355
2616,173,481
2617,173,512
2618,173,803
2619,173,895
2620,173,913
2621,173,940
2622,174,213
2623,174,293
2624,174,402
2625,174,443
2626,174,516
2627,174,699
2628,174,834
2629,174,958
2630,175,223
2631,175,356
2632,175,465
2633,175,477
2634,175,593
2635,175,671
2636,175,762
2637,175,784
2638,175,923
2639,176,267
2640,176,275
2641,176,421
2642,176,616
2643,176,649
2644,177,180
2645,177,299
2646,177,354
2647,177,367
2648,177,500
2649,177,954
2650,178,248
2651,178,436
2652,178,474
2653,178,511
2654,178,791
2655,178,818
2656,178,828
2657,179,397
2658,179,444
2659,179,741
2660,180,204
2661,180,244
2662,180,250
2663,180,295
2664,180,544
2665,180,768
2666,180,842
2667,181,215
2668,181,342
2669,181,363
2670,181,697
2671,181,755
2672,181,766
2673,181,777
2674,181,854
2675,182,263
2676,182,282
2677,182,322
2678,182,365
2679,182,371
2680,182,391
2681,182,552
2682,182,587
2683,182,958
2684,183,237
2685,183,290
2686,183,310
2687,183,388
2688,183,419
2689,183,428
2690,183,430
2691,183,498
2692,184,212
2693,184,238
2694,184,372
2695,184,453
2696,184,690
2697,184,916
2698,184,956
2699,184,990
2700,185,216
2701,185,222
2702,185,349
2703,185,790
2704,185,796
2705,185,837
2706,185,943
2707,185,961
2708,186,464
2709,186,508
2710,186,514
2711,186,539
2712,186,684
2713,186,747
2714,187,231
2715,187,407
2716,187,570
2717,187,723
2718,188,212
2719,188,298
2720,188,361
2721,188,372
2722,188,449
2723,188,468
2724,188,471
2725,188,916
2726,188,974
2727,189,508
2728,189,617
2729,189,679
2730,189,693
2731,190,282
2732,190,573
2733,190,602
2734,191,193
2735,191,234
2736,191,236
2737,191,319
2738,191,417
2739,192,211
2740,192,299
2741,192,368
2742,192,500
2743,192,515
2744,192,707
2745,193,339
2746,193,356
2747,193,489
2748,193,599
2749,193,923
2750,193,991
2751,194,255
2752,194,456
2753,194,539
2754,194,611
2755,194,694
2756,194,718
2757,194,856
2758,195,341
2759,195,464
2760,195,595
2761,195,648
2762,195,799
2763,195,904
2764,196,385
2765,196,451
2766,196,781
2767,196,831
2768,196,864
2769,197,316
2770,197,335
2771,197,544
2772,197,590
2773,197,660
2774,198,217
2775,198,218
2776,198,355
2777,198,683
2778,198,811
2779,199,204
2780,199,226
2781,199,367
2782,199,385
2783,199,466
2784,199,467
2785,199,546
2786,199,581
2787,200,352
2788,200,523
2789,200,687
2790,200,784
2791,200,789
2792,200,928
2793,200,971
2794,201,214
2795,201,220
2796,201,369
2797,201,414
2798,201,447
2799,201,675
2800,201,884
2801,201,899
2802,201,941
2803,202,221
2804,202,482
2805,202,672
2806,203,246
2807,203,404
2808,203,411
2809,203,725
2810,203,846
2811,204,211
2812,204,239
2813,204,541
2814,204,560
2815,204,581
2816,205,271
2817,205,283
2818,205,554
2819,205,661
2820,205,678
2821,205,750
2822,205,776
2823,205,901
2824,206,317
2825,206,421
2826,206,424
2827,206,495
2828,206,656
2829,206,708
2830,206,787
2831,206,823
2832,207,238
2833,207,292
2834,207,416
2835,207,808
2836,208,336
2837,208,414
2838,208,432
2839,208,556
2840,208,598
2841,208,727
2842,208,813
2843,208,814
2844,209,233
2845,209,281
2846,209,340
2847,209,397
2848,209,622
2849,210,265
2850,210,334
2851,210,364
2852,210,466
2853,210,496
2854,210,610
2855,210,991
2856,211,244
2857,211,345
2858,211,397
2859,211,581
2860,211,683
2861,211,758
2862,211,950
2863,212,361
2864,212,470
2865,212,774
2866,212,889
2867,212,925
2868,213,288
2869,213,314
2870,213,402
2871,213,542
2872,213,669
2873,213,767
2874,213,842
2875,214,346
2876,214,379
2877,214,816
2878,214,909
2879,214,915
2880,214,948
2881,215,342
2882,215,350
2883,215,405
2884,215,483
2885,215,490
2886,215,548
2887,216,231
2888,216,333
2889,216,348
2890,217,281
2891,217,469
2892,217,544
2893,217,622
2894,217,626
2895,217,978
2896,218,692
2897,218,789
2898,218,790
2899,218,857
2900,218,858
2901,218,936
2902,219,316
2903,219,435
2904,219,492
2905,219,510
2906,219,547
2907,220,269
2908,220,379
2909,220,414
2910,220,481
2911,220,487
2912,220,580
2913,220,820
2914,220,976
2915,221,229
2916,221,262
2917,221,887
2918,221,975
2919,222,228
2920,222,230
2921,222,362
2922,222,370
2923,222,545
2924,222,941
2925,223,277
2926,223,297
2927,223,376
2928,223,467
2929,223,581
2930,223,686
2931,223,772
2932,224,271
2933,224,307
2934,224,371
2935,224,636
2936,224,849
2937,224,992
2938,225,274
2939,225,284
2940,225,309
2941,225,427
2942,225,463
2943,225,503
2944,225,839
2945,226,359
2946,226,628
2947,226,639
2948,226,804
2949,227,345
2950,227,400
2951,227,510
2952,227,625
2953,227,659
2954,227,686
2955,227,924
2956,228,349
2957,228,606
2958,228,936
2959,228,946
2960,229,341
2961,229,422
2962,229,426
2963,229,658
2964,230,253
2965,230,349
2966,230,557
2967,230,829
2968,230,831
2969,231,317
2970,231,376
2971,231,519
2972,231,582
2973,231,787
2974,231,951
2975,232,241
2976,232,256
2977,232,417
2978,232,752
2979,233,297
2980,233,328
2981,233,420
2982,233,433
2983,233,446
2984,233,632
2985,234,320
2986,234,563
2987,234,604
2988,234,705
2989,235,289
2990,235,398
2991,235,406
2992,235,861
2993,236,536
2994,236,607
2995,236,697
2996,236,925
2997,237,301
2998,237,771
2999,237,810
3000,238,298
3001,238,330
3002,238,338
3003,238,372
3004,238,689
3005,238,818
3006,239,260
3007,239,262
3008,239,306
3009,239,387
3010,239,536
3011,239,608
3012,240,251
3013,240,469
3014,240,553
3015,240,749
3016,241,417
3017,241,756
3018,241,760
3019,241,988
3020,242,561
3021,242,859
3022,242,953
3023,242,991
3024,243,350
3025,243,353
3026,243,372
3027,243,726
3028,243,981
3029,244,368
3030,244,592
3031,244,625
3032,244,665
3033,245,291
3034,245,306
3035,245,332
3036,245,366
3037,245,572
3038,245,605
3039,245,664
3040,245,826
3041,245,894
3042,246,258
3043,246,319
3044,246,386
3045,246,398
3046,246,413
3047,246,767
3048,246,878
3049,247,345
3050,247,440
3051,247,805
3052,247,863
3053,248,461
3054,248,494
3055,248,566
3056,248,635
3057,248,918
3058,249,472
3059,249,551
3060,249,756
3061,249,807
3062,249,959
3063,250,273
3064,250,368
3065,250,596
3066,250,665
3067,250,852
3068,251,267
3069,251,749
3070,251,910
3071,252,466
3072,252,576
3073,252,629
3074,252,698
3075,253,471
3076,253,502
3077,253,850
3078,253,870
3079,253,952
3080,254,284
3081,254,387
3082,254,394
3083,254,431
3084,254,463
3085,254,603
3086,254,662
3087,255,405
3088,255,650
3089,255,653
3090,255,982
3091,256,309
3092,256,357
3093,256,620
3094,256,964
3095,257,527
3096,257,611
3097,257,621
3098,257,638
3099,257,653
3100,257,694
3101,258,360
3102,258,696
3103,258,699
3104,258,839
3105,259,330
3106,259,416
3107,259,574
3108,259,661
3109,259,925
3110,260,330
3111,260,673
3112,260,774
3113,260,845
3114,260,889
3115,261,315
3116,261,336
3117,261,459
3118,261,639
3119,261,656
3120,261,721
3121,262,340
3122,262,549
3123,262,819
3124,263,282
3125,263,291
3126,263,668
3127,263,914
3128,263,992
3129,264,295
3130,264,300
3131,264,323
3132,264,411
3133,264,608
3134,265,299
3135,265,347
3136,265,546
3137,265,768
3138,265,983
3139,266,311
3140,266,448
3141,266,581
3142,266,628
3143,266,648
3144,266,999
3145,267,593
3146,267,768
3147,267,966
3148,268,304
3149,268,418
3150,268,423
3151,268,425
3152,268,564
3153,268,588
3154,268,679
3155,268,765
3156,268,803
3157,269,304
3158,269,425
3159,269,554
3160,269,567
3161,269,675
3162,269,700
3163,269,803
3164,270,301
3165,270,302
3166,270,334
3167,270,440
3168,270,510
3169,270,761
3170,271,391
3171,271,412
3172,271,567
3173,271,792
3174,272,308
3175,272,448
3176,272,494
3177,272,515
3178,272,858
3179,272,888
3180,272,900
3181,273,434
3182,273,478
3183,273,633
3184,273,636
3185,273,740
3186,274,595
3187,274,623
3188,274,632
3189,275,529
3190,275,569
3191,275,627
3192,275,743
3193,276,366
3194,276,482
3195,276,580
3196,276,783
3197,277,345
3198,277,557
3199,277,916
3200,278,469
3201,278,606
3202,278,872
3203,279,283
3204,279,390
3205,279,654
3206,279,762
3207,279,861
3208,279,879
3209,279,986
3210,280,286
3211,280,465
3212,280,495
3213,280,687
3214,281,439
3215,281,738
3216,282,306
3217,282,783
3218,282,805
3219,283,392
3220,283,429
3221,283,604
3222,284,324
3223,284,484
3224,284,635
3225,284,797
3226,285,519
3227,285,809
3228,285,830
3229,285,934
3230,286,393
3231,286,523
3232,286,559
3233,286,687
3234,287,414
3235,287,423
3236,287,481
3237,287,567
3238,287,886
3239,287,906
3240,287,935
3241,288,323
3242,288,551
3243,288,602
3244,288,696
3245,288,751
3246,289,477
3247,289,489
3248,289,862
3249,290,310
3250,290,476
3251,290,497
3252,290,968
3253,291,318
3254,291,426
3255,291,651
3256,291,770
3257,292,449
3258,292,505
3259,292,614
3260,293,458
3261,293,663
3262,293,669
3263,293,793
3264,294,343
3265,294,381
3266,294,440
3267,294,600
3268,294,737
3269,295,700
3270,295,748
3271,295,963
3272,296,363
3273,296,718
3274,296,735
3275,296,775
3276,297,345
3277,297,365
3278,297,487
3279,297,565
3280,297,659
3281,297,795
3282,297,903
3283,298,326
3284,298,505
3285,298,555
3286,298,889
3287,299,400
3288,299,568
3289,299,795
3290,300,398
3291,300,417
3292,300,618
3293,300,979
3294,301,358
3295,301,439
3296,301,996
3297,302,564
3298,302,655
3299,302,732
3300,302,763
3301,302,878
3302,303,514
3303,303,527
3304,303,735
3305,303,799
3306,303,931
3307,304,387
3308,304,542
3309,304,556
3310,304,564
3311,304,765
3312,304,851
3313,305,361
3314,305,455
3315,305,521
3316,305,614
3317,305,925
3318,305,933
3319,306,344
3320,306,552
3321,306,704
3322,306,919
3323,307,308
3324,307,318
3325,307,651
3326,307,914
3327,307,994
3328,308,678
3329,308,987
3330,309,399
3331,309,461
3332,309,466
3333,309,691
3334,309,712
3335,310,377
3336,310,550
3337,310,652
3338,310,754
3339,311,562
3340,311,584
3341,311,628
3342,311,680
3343,312,397
3344,312,445
3345,312,716
3346,312,902
3347,312,946
3348,313,431
3349,313,666
3350,313,865
3351,313,892
3352,313,897
3353,314,411
3354,314,458
3355,314,806
3356,314,923
3357,315,331
3358,315,641
3359,315,721
3360,315,866
3361,315,876
3362,316,860
3363,317,413
3364,317,632
3365,317,723
3366,318,322
3367,318,366
3368,318,513
3369,318,658
3370,318,997
3371,319,429
3372,319,549
3373,319,784
3374,319,895
3375,320,569
3376,320,911
3377,320,969
3378,321,558
3379,321,651
3380,321,654
3381,321,921
3382,322,532
3383,322,919
3384,323,677
3385,323,699
3386,323,939
3387,324,349
3388,324,715
3389,325,340
3390,325,619
3391,326,379
3392,326,436
3393,326,574
3394,326,916
3395,326,949
3396,327,339
3397,327,788
3398,328,480
3399,328,800
3400,328,929
3401,329,513
3402,329,875
3403,329,956
3404,330,354
3405,330,990
3406,331,364
3407,331,565
3408,331,674
3409,331,709
3410,331,710
3411,331,855
3412,332,393
3413,332,883
3414,333,433
3415,333,439
3416,333,442
3417,333,485
3418,333,715
3419,333,934
3420,334,412
3421,334,439
3422,334,615
3423,335,337
3424,335,606
3425,335,671
3426,336,423
3427,336,475
3428,337,689
3429,337,801
3430,337,898
3431,338,468
3432,338,727
3433,338,825
3434,338,851
3435,338,889
3436,338,945
3437,339,491
3438,339,559
3439,339,575
3440,339,702
3441,340,996
3442,341,605
3443,341,657
3444,341,744
3445,342,350
3446,342,641
3447,342,654
3448,342,690
3449,342,726
3450,343,463
3451,343,492
3452,343,615
3453,343,868
3454,344,482
3455,344,651
3456,344,812
3457,344,855
3458,344,911
3459,344,985
3460,344,995
3461,345,578
3462,345,753
3463,346,369
3464,346,432
3465,346,554
3466,346,624
3467,346,836
3468,347,364
3469,347,541
3470,347,637
3471,347,702
3472,347,739
3473,348,433
3474,348,531
3475,348,657
3476,348,810
3477,349,362
3478,349,857
3479,349,880
3480,350,483
3481,350,548
3482,351,479
3483,351,711
3484,351,763
3485,351,835
3486,351,871
3487,351,873
3488,351,943
3489,352,645
3490,352,717
3491,352,824
3492,352,874
3493,353,357
3494,353,525
3495,353,708
3496,354,467
3497,354,568
3498,354,707
3499,354,945
3500,355,689
3501,355,735
3502,355,742
3503,356,367
3504,356,547
3505,357,384
3506,357,493
3507,357,750
3508,358,542
3509,358,979
3510,359,474
3511,359,772
3512,360,452
3513,360,669
3514,360,853
3515,361,747
3516,361,990
3517,362,370
3518,362,487
3519,362,885
3520,363,424
3521,363,493
3522,363,721
3523,364,521
3524,364,546
3525,364,561
3526,364,588
3527,365,507
3528,365,537
3529,365,633
3530,365,707
3531,365,903
3532,366,473
3533,366,597
3534,367,400
3535,367,540
3536,367,970
3537,368,393
3538,368,565
3539,368,659
3540,368,903
3541,369,423
3542,369,425
3543,369,675
3544,369,852
3545,370,403
3546,370,634
3547,370,789
3548,370,880
3549,371,641
3550,371,931
3551,371,938
3552,371,992
3553,372,455
3554,372,521
3555,372,673
3556,372,679
3557,373,692
3558,373,829
3559,373,947
3560,373,955
3561,374,410
3562,374,428
3563,374,584
3564,374,631
3565,374,821
3566,375,472
3567,375,838
3568,375,936
3569,375,968
3570,375,988
3571,376,386
3572,376,460
3573,377,522
3574,377,563
3575,377,872
3576,378,437
3577,378,719
3578,378,795
3579,378,954
3580,379,769
3581,379,915
3582,379,940
3583,380,628
3584,380,650
3585,380,867
3586,381,792
3587,382,525
3588,382,814
3589,382,957
3590,383,480
3591,383,485
3592,383,570
3593,383,976
3594,384,488
3595,384,543
3596,384,766
3597,384,981
3598,385,460
3599,385,500
3600,385,561
3601,387,530
3602,387,808
3603,388,538
3604,388,631
3605,388,962
3606,389,421
3607,389,468
3608,389,528
3609,390,482
3610,390,811
3611,391,426
3612,391,482
3613,391,709
3614,392,697
3615,392,710
3616,392,734
3617,393,523
3618,394,431
3619,394,507
3620,394,526
3621,395,425
3622,395,442
3623,395,473
3624,395,566
3625,395,827
3626,396,493
3627,396,733
3628,396,741
3629,396,891
3630,397,486
3631,397,540
3632,397,610
3633,398,458
3634,398,752
3635,400,557
3636,400,701
3637,401,447
3638,401,515
3639,401,571
3640,401,576
3641,401,685
3642,401,722
3643,402,669
3644,402,700
3645,402,736
3646,402,756
3647,403,548
3648,403,585
3649,403,776
3650,403,870
3651,404,663
3652,404,682
3653,404,862
3654,405,490
3655,405,708
3656,405,823
3657,405,989
3658,406,716
3659,407,417
3660,407,720
3661,408,446
3662,408,809
3663,408,840
3664,408,894
3665,408,995
3666,409,465
3667,409,550
3668,409,555
3669,409,642
3670,409,647
3671,409,927
3672,410,498
3673,410,522
3674,410,642
3675,410,832
3676,411,639
3677,412,439
3678,412,469
3679,412,978
3680,413,454
3681,413,613
3682,413,835
3683,415,563
3684,415,647
3685,415,754
3686,415,909
3687,416,808
3688,416,845
3689,417,558
3690,418,534
3691,418,624
3692,418,645
3693,418,948
3694,419,536
3695,419,753
3696,419,786
3697,420,487
3698,421,644
3699,422,601
3700,422,609
3701,422,703
3702,423,504
3703,423,675
3704,424,483
3705,424,515
3706,424,641
3707,425,765
3708,425,851
3709,426,566
3710,426,601
3711,426,757
3712,427,484
3713,427,507
3714,427,623
3715,427,689
3716,427,797
3717,427,908
3718,428,643
3719,428,676
3720,428,682
3721,429,630
3722,429,734
3723,430,538
3724,430,897
3725,430,929
3726,431,794
3727,431,980
3728,432,504
3729,432,515
3730,432,624
3731,434,710
3732,434,869
3733,435,476
3734,435,579
3735,435,832
3736,436,595
3737,436,617
3738,437,702
3739,437,741
3740,437,859
3741,438,553
3742,438,822
3743,438,900
3744,438,966
3745,439,794
3746,441,444
3747,442,587
3748,442,780
3749,443,631
3750,443,663
3751,443,669
3752,443,711
3753,443,933
3754,444,497
3755,444,954
3756,444,991
3757,445,537
3758,445,625
3759,445,701
3760,446,660
3761,446,780
3762,447,964
3763,447,980
3764,448,585
3765,448,693
3766,448,799
3767,449,535
3768,449,574
3769,449,598
3770,449,945
3771,450,518
3772,450,758
3773,450,905
3774,450,928
3775,451,597
3776,451,616
3777,451,790
3778,452,793
3779,452,983
3780,453,464
3781,453,680
3782,454,886
3783,455,666
3784,455,808
3785,455,956
3786,456,497
3787,456,498
3788,457,471
3789,457,499
3790,457,831
3791,457,944
3792,458,592
3793,459,630
3794,460,953
3795,461,501
3796,461,892
3797,462,477
3798,462,489
3799,462,610
3800,463,593
3801,463,706
3802,463,828
3803,464,844
3804,464,904
3805,464,960
3806,465,937
3807,466,852
3808,467,561
3809,467,678
3810,468,615
3811,469,694
3812,470,969
3813,471,499
3814,472,712
3815,472,838
3816,472,936
3817,473,975
3818,475,534
3819,475,814
3820,475,816
3821,475,844
3822,475,847
3823,476,555
3824,476,642
3825,476,832
3826,476,844
3827,476,927
3828,477,673
3829,478,759
3830,478,914
3831,478,919
3832,479,539
3833,479,562
3834,479,931
3835,481,512
3836,481,534
3837,481,856
3838,482,672
3839,483,656
3840,483,790
3841,483,871
3842,484,572
3843,484,691
3844,484,712
3845,485,490
3846,485,715
3847,485,951
3848,486,540
3849,486,637
3850,487,690
3851,487,995
3852,488,490
3853,488,493
3854,488,517
3855,488,866
3856,488,891
3857,489,865
3858,490,543
3859,490,742
3860,490,854
3861,491,549
3862,491,721
3863,491,971
3864,492,599
3865,493,784
3866,494,511
3867,494,691
3868,494,722
3869,495,548
3870,495,656
3871,495,750
3872,495,918
3873,496,540
3874,496,547
3875,496,683
3876,496,989
3877,497,506
3878,497,652
3879,498,642
3880,498,676
3881,498,682
3882,499,786
3883,499,973
3884,501,620
3885,501,828
3886,501,980
3887,502,617
3888,503,706
3889,503,908
3890,503,949
3891,504,554
3892,504,556
3893,504,623
3894,504,906
3895,505,727
3896,505,956
3897,506,579
3898,508,628
3899,508,835
3900,508,856
3901,508,912
3902,509,576
3903,509,845
3904,511,722
3905,511,746
3906,511,918
3907,512,637
3908,512,769
3909,512,899
3910,513,553
3911,514,648
3912,514,960
3913,514,982
3914,516,560
3915,516,688
3916,516,762
3917,516,946
3918,518,560
3919,518,965
3920,519,738
3921,520,523
3922,520,591
3923,521,535
3924,522,584
3925,522,682
3926,523,939
3927,523,946
3928,524,532
3929,524,887
3930,524,987
3931,525,787
3932,525,866
3933,525,989
3934,526,692
3935,526,864
3936,526,885
3937,527,694
3938,527,775
3939,528,530
3940,528,910
3941,528,926
3942,529,582
3943,529,644
3944,529,926
3945,530,873
3946,530,910
3947,532,802
3948,532,884
3949,533,589
3950,533,746
3951,533,858
3952,534,807
3953,534,948
3954,534,976
3955,535,747
3956,537,740
3957,537,920
3958,537,935
3959,538,555
3960,538,631
3961,538,760
3962,539,724
3963,541,665
3964,541,701
3965,541,869
3966,542,640
3967,543,641
3968,544,860
3969,545,977
3970,546,653
3971,547,565
3972,547,993
3973,548,932
3974,550,652
3975,551,558
3976,551,979
3977,552,657
3978,554,834
3979,554,940
3980,555,631
3981,555,927
3982,556,813
3983,556,820
3984,557,795
3985,558,843
3986,559,824
3987,559,927
3988,559,946
3989,560,784
3990,560,862
3991,561,792
3992,562,718
3993,564,645
3994,564,935
3995,565,768
3996,566,744
3997,567,816
3998,567,884
3999,568,635
4000,568,683
4001,568,855
4002,569,644
4003,569,800
4004,569,900
4005,570,907
4006,571,629
4007,572,586
4008,572,930
4009,573,853
4010,573,962
4011,575,598
4012,575,872
4013,576,769
4014,577,803
4015,577,847
4016,577,913
4017,578,763
4018,578,822
4019,578,969
4020,579,682
4021,580,937
4022,581,869
4023,582,825
4024,583,930
4025,584,927
4026,585,597
4027,585,829
4028,585,988
4029,586,737
4030,587,723
4031,588,899
4032,588,913
4033,589,850
4034,589,858
4035,589,943
4036,590,938
4037,591,614
4038,591,681
4039,591,713
4040,591,838
4041,592,842
4042,595,955
4043,595,967
4044,596,651
4045,596,748
4046,596,919
4047,598,879
4048,598,977
4049,599,811
4050,600,978
4051,602,669
4052,602,760
4053,603,684
4054,603,698
4055,603,798
4056,605,802
4057,605,922
4058,607,833
4059,607,965
4060,608,881
4061,609,634
4062,610,674
4063,611,650
4064,611,856
4065,612,623
4066,612,794
4067,613,800
4068,617,836
4069,618,959
4070,619,660
4071,619,761
4072,619,953
4073,620,905
4074,621,867
4075,621,982
4076,624,884
4077,626,728
4078,627,749
4079,627,966
4080,629,662
4081,629,865
4082,630,646
4083,630,742
4084,632,951
4085,633,710
4086,634,796
4087,636,785
4088,636,975
4089,637,646
4090,637,980
4091,638,653
4092,638,680
4093,639,743
4094,639,767
4095,640,676
4096,642,964
4097,643,676
4098,643,817
4099,644,713
4100,644,763
4101,645,769
4102,645,847
4103,646,721
4104,646,866
4105,647,929
4106,649,681
4107,649,713
4108,649,771
4109,652,658
4110,652,781
4111,653,912
4112,654,924
4113,657,812
4114,657,987
4115,658,975
4116,659,683
4117,661,808
4118,661,933
4119,662,964
4120,663,959
4121,664,751
4122,664,888
4123,664,979
4124,666,759
4125,667,699
4126,667,819
4127,667,941
4128,667,952
4129,668,778
4130,668,970
4131,670,834
4132,670,972
4133,671,937
4134,672,709
4135,672,783
4136,672,995
4137,672,997
4138,674,869
4139,675,733
4140,675,847
4141,677,972
4142,678,985
4143,681,731
4144,684,915
4145,686,795
4146,686,896
4147,687,752
4148,688,734
4149,688,967
4150,690,726
4151,690,989
4152,692,803
4153,693,990
4154,695,720
4155,696,987
4156,697,744
4157,698,730
4158,700,873
4159,701,970
4160,702,876
4161,703,840
4162,704,809
4163,704,887
4164,704,930
4165,705,714
4166,705,745
4167,706,818
4168,708,733
4169,708,796
4170,709,759
4171,709,922
4172,711,871
4173,712,719
4174,714,910
4175,715,998
4176,716,951
4177,720,772
4178,724,788
4179,724,817
4180,726,986
4181,727,925
4182,729,863
4183,729,950
4184,730,798
4185,731,771
4186,736,801
4187,739,846
4188,740,953
4189,741,903
4190,743,763
4191,745,771
4192,746,781
4193,746,943
4194,747,945
4195,748,994
4196,751,778
4197,752,793
4198,753,859
4199,755,787
4200,757,887
4201,758,811
4202,760,962
4203,761,799
4204,762,823
4205,762,824
4206,764,882
4207,764,898
4208,765,906
4209,769,913
4210,770,992
4211,773,934
4212,774,916
4213,775,830
4214,776,789
4215,777,981
4216,778,985
4217,779,963
4218,781,819
4219,782,957
4220,785,843
4221,785,888
4222,785,919
4223,786,837
4224,786,941
4225,787,963
4226,789,796
4227,796,943
4228,801,807
4229,802,894
4230,804,951
4231,805,917
4232,809,987
4233,810,901
4234,813,906
4235,814,884
4236,814,886
4237,815,882
4238,815,883
4239,820,915
4240,821,991
4241,826,932
4242,830,893
4243,831,892
4244,832,929
4245,833,914
4246,834,839
4247,836,960
4248,837,870
4249,837,950
4250,838,857
4251,848,934
4252,849,888
4253,850,858
4254,851,886
4255,851,976
4256,852,876
4257,857,908
4258,862,898
4259,864,944
4260,868,906
4261,868,957
4262,870,947
4263,871,984
4264,874,883
4265,877,897
4266,877,980
4267,879,986
4268,880,960
4269,882,965
4270,888,914
4271,891,932
4272,891,983
4273,894,982
4274,898,974
4275,902,939
4276,902,971
4277,904,924
4278,911,985
4279,922,954
4280,922,992
4281,931,999
4282,944,968
4283,947,955
4284,952,993
4285,955,968
4286,958,962
4287,969,985
4288,974,977
4289,975,984
4290,994,997
