representation,n_bags,positive_rate,n_features,split,status,roc_auc,pr_auc,accuracy,eval_seconds,family,anomaly,prevalence,k_hop,n,n_centers,bag_nodes_median,bag_nodes_p90,run_id
wasserstein,800,0.0437,16,0,ok,0.5924,0.1494,0.9583,0.53,er,clique,0.005,1,3000,800,9.0,12.0,er_clique_p0.005_k1
wasserstein,800,0.0437,16,1,ok,0.4554,0.0424,0.9583,0.53,er,clique,0.005,1,3000,800,9.0,12.0,er_clique_p0.005_k1
wasserstein,800,0.0437,16,2,ok,0.4,0.0363,0.9583,0.53,er,clique,0.005,1,3000,800,9.0,12.0,er_clique_p0.005_k1
wasserstein,800,0.0437,16,3,ok,0.5899,0.1494,0.9542,0.53,er,clique,0.005,1,3000,800,9.0,12.0,er_clique_p0.005_k1
wasserstein,800,0.0437,16,4,ok,0.4291,0.0417,0.9542,0.53,er,clique,0.005,1,3000,800,9.0,12.0,er_clique_p0.005_k1
wasserstein,800,0.0437,16,5,ok,0.4522,0.0423,0.9542,0.53,er,clique,0.005,1,3000,800,9.0,12.0,er_clique_p0.005_k1
wasserstein,800,0.0437,16,6,ok,0.2898,0.0335,0.9583,0.53,er,clique,0.005,1,3000,800,9.0,12.0,er_clique_p0.005_k1
wasserstein,800,0.0437,16,7,ok,0.5176,0.0452,0.9583,0.53,er,clique,0.005,1,3000,800,9.0,12.0,er_clique_p0.005_k1
wasserstein,800,0.0437,16,8,ok,0.5167,0.1472,0.9583,0.53,er,clique,0.005,1,3000,800,9.0,12.0,er_clique_p0.005_k1
wasserstein,800,0.0437,16,9,ok,0.5846,0.0528,0.9583,0.53,er,clique,0.005,1,3000,800,9.0,12.0,er_clique_p0.005_k1
pooled_all,800,0.0437,99,0,ok,0.5709,0.1677,0.9625,0.99,er,clique,0.005,1,3000,800,9.0,12.0,er_clique_p0.005_k1
pooled_all,800,0.0437,99,1,ok,0.4243,0.0405,0.9583,0.99,er,clique,0.005,1,3000,800,9.0,12.0,er_clique_p0.005_k1
pooled_all,800,0.0437,99,2,ok,0.522,0.1404,0.9625,0.99,er,clique,0.005,1,3000,800,9.0,12.0,er_clique_p0.005_k1
pooled_all,800,0.0437,99,3,ok,0.5736,0.1445,0.9583,0.99,er,clique,0.005,1,3000,800,9.0,12.0,er_clique_p0.005_k1
pooled_all,800,0.0437,99,4,ok,0.471,0.0453,0.9542,0.99,er,clique,0.005,1,3000,800,9.0,12.0,er_clique_p0.005_k1
pooled_all,800,0.0437,99,5,ok,0.5732,0.0563,0.9542,0.99,er,clique,0.005,1,3000,800,9.0,12.0,er_clique_p0.005_k1
pooled_all,800,0.0437,99,6,ok,0.4639,0.1371,0.9625,0.99,er,clique,0.005,1,3000,800,9.0,12.0,er_clique_p0.005_k1
pooled_all,800,0.0437,99,7,ok,0.4363,0.1348,0.9583,0.99,er,clique,0.005,1,3000,800,9.0,12.0,er_clique_p0.005_k1
pooled_all,800,0.0437,99,8,ok,0.4835,0.0501,0.9583,0.99,er,clique,0.005,1,3000,800,9.0,12.0,er_clique_p0.005_k1
pooled_all,800,0.0437,99,9,ok,0.5109,0.1409,0.9625,0.99,er,clique,0.005,1,3000,800,9.0,12.0,er_clique_p0.005_k1
pooled_max,800,0.0437,33,0,ok,0.5976,0.1496,0.9625,0.66,er,clique,0.005,1,3000,800,9.0,12.0,er_clique_p0.005_k1
pooled_max,800,0.0437,33,1,ok,0.4546,0.0423,0.9583,0.66,er,clique,0.005,1,3000,800,9.0,12.0,er_clique_p0.005_k1
pooled_max,800,0.0437,33,2,ok,0.5143,0.144,0.9625,0.66,er,clique,0.005,1,3000,800,9.0,12.0,er_clique_p0.005_k1
pooled_max,800,0.0437,33,3,ok,0.584,0.1484,0.9583,0.66,er,clique,0.005,1,3000,800,9.0,12.0,er_clique_p0.005_k1
pooled_max,800,0.0437,33,4,ok,0.5693,0.228,0.9542,0.66,er,clique,0.005,1,3000,800,9.0,12.0,er_clique_p0.005_k1
pooled_max,800,0.0437,33,5,ok,0.6062,0.2322,0.9542,0.66,er,clique,0.005,1,3000,800,9.0,12.0,er_clique_p0.005_k1
pooled_max,800,0.0437,33,6,ok,0.2846,0.0331,0.9583,0.66,er,clique,0.005,1,3000,800,9.0,12.0,er_clique_p0.005_k1
pooled_max,800,0.0437,33,7,ok,0.5241,0.0455,0.9583,0.66,er,clique,0.005,1,3000,800,9.0,12.0,er_clique_p0.005_k1
pooled_max,800,0.0437,33,8,ok,0.5172,0.1472,0.9625,0.66,er,clique,0.005,1,3000,800,9.0,12.0,er_clique_p0.005_k1
pooled_max,800,0.0437,33,9,ok,0.6115,0.1529,0.9625,0.66,er,clique,0.005,1,3000,800,9.0,12.0,er_clique_p0.005_k1
size_only,800,0.0437,2,0,ok,0.5941,0.1512,0.9625,0.52,er,clique,0.005,1,3000,800,9.0,12.0,er_clique_p0.005_k1
size_only,800,0.0437,2,1,ok,0.4367,0.0412,0.9583,0.52,er,clique,0.005,1,3000,800,9.0,12.0,er_clique_p0.005_k1
size_only,800,0.0437,2,2,ok,0.5474,0.1422,0.9583,0.52,er,clique,0.005,1,3000,800,9.0,12.0,er_clique_p0.005_k1
size_only,800,0.0437,2,3,ok,0.6014,0.1499,0.9542,0.52,er,clique,0.005,1,3000,800,9.0,12.0,er_clique_p0.005_k1
size_only,800,0.0437,2,4,ok,0.4178,0.041,0.9542,0.52,er,clique,0.005,1,3000,800,9.0,12.0,er_clique_p0.005_k1
size_only,800,0.0437,2,5,ok,0.5804,0.1395,0.9542,0.52,er,clique,0.005,1,3000,800,9.0,12.0,er_clique_p0.005_k1
size_only,800,0.0437,2,6,ok,0.4441,0.1337,0.9583,0.52,er,clique,0.005,1,3000,800,9.0,12.0,er_clique_p0.005_k1
size_only,800,0.0437,2,7,ok,0.5957,0.0994,0.9583,0.52,er,clique,0.005,1,3000,800,9.0,12.0,er_clique_p0.005_k1
size_only,800,0.0437,2,8,ok,0.5141,0.0503,0.9583,0.52,er,clique,0.005,1,3000,800,9.0,12.0,er_clique_p0.005_k1
size_only,800,0.0437,2,9,ok,0.5943,0.1519,0.9625,0.52,er,clique,0.005,1,3000,800,9.0,12.0,er_clique_p0.005_k1
node_oracle,800,0.0437,1,0,ok,0.9996,0.9818,0.9917,0.27,er,clique,0.005,1,3000,800,9.0,12.0,er_clique_p0.005_k1
node_oracle,800,0.0437,1,1,ok,1.0,1.0,1.0,0.27,er,clique,0.005,1,3000,800,9.0,12.0,er_clique_p0.005_k1
node_oracle,800,0.0437,1,2,ok,1.0,1.0,1.0,0.27,er,clique,0.005,1,3000,800,9.0,12.0,er_clique_p0.005_k1
node_oracle,800,0.0437,1,3,ok,1.0,1.0,1.0,0.27,er,clique,0.005,1,3000,800,9.0,12.0,er_clique_p0.005_k1
node_oracle,800,0.0437,1,4,ok,1.0,1.0,1.0,0.27,er,clique,0.005,1,3000,800,9.0,12.0,er_clique_p0.005_k1
node_oracle,800,0.0437,1,5,ok,1.0,1.0,1.0,0.27,er,clique,0.005,1,3000,800,9.0,12.0,er_clique_p0.005_k1
node_oracle,800,0.0437,1,6,ok,1.0,1.0,1.0,0.27,er,clique,0.005,1,3000,800,9.0,12.0,er_clique_p0.005_k1
node_oracle,800,0.0437,1,7,ok,1.0,1.0,1.0,0.27,er,clique,0.005,1,3000,800,9.0,12.0,er_clique_p0.005_k1
node_oracle,800,0.0437,1,8,ok,1.0,1.0,1.0,0.27,er,clique,0.005,1,3000,800,9.0,12.0,er_clique_p0.005_k1
node_oracle,800,0.0437,1,9,ok,1.0,1.0,1.0,0.27,er,clique,0.005,1,3000,800,9.0,12.0,er_clique_p0.005_k1
wasserstein,800,0.0963,16,0,ok,0.6095,0.251,0.9167,0.6,er,clique,0.01,1,3000,800,9.0,13.0,er_clique_p0.01_k1
wasserstein,800,0.0963,16,1,ok,0.6352,0.2694,0.9167,0.6,er,clique,0.01,1,3000,800,9.0,13.0,er_clique_p0.01_k1
wasserstein,800,0.0963,16,2,ok,0.6638,0.2477,0.9042,0.6,er,clique,0.01,1,3000,800,9.0,13.0,er_clique_p0.01_k1
wasserstein,800,0.0963,16,3,ok,0.5639,0.1219,0.9,0.6,er,clique,0.01,1,3000,800,9.0,13.0,er_clique_p0.01_k1
wasserstein,800,0.0963,16,4,ok,0.6114,0.2565,0.9125,0.6,er,clique,0.01,1,3000,800,9.0,13.0,er_clique_p0.01_k1
wasserstein,800,0.0963,16,5,ok,0.5594,0.3043,0.9208,0.6,er,clique,0.01,1,3000,800,9.0,13.0,er_clique_p0.01_k1
wasserstein,800,0.0963,16,6,ok,0.5976,0.2226,0.9125,0.6,er,clique,0.01,1,3000,800,9.0,13.0,er_clique_p0.01_k1
wasserstein,800,0.0963,16,7,ok,0.5329,0.2325,0.9125,0.6,er,clique,0.01,1,3000,800,9.0,13.0,er_clique_p0.01_k1
wasserstein,800,0.0963,16,8,ok,0.5934,0.2528,0.9167,0.6,er,clique,0.01,1,3000,800,9.0,13.0,er_clique_p0.01_k1
wasserstein,800,0.0963,16,9,ok,0.6538,0.2527,0.9125,0.6,er,clique,0.01,1,3000,800,9.0,13.0,er_clique_p0.01_k1
pooled_all,800,0.0963,99,0,ok,0.595,0.2483,0.9125,0.89,er,clique,0.01,1,3000,800,9.0,13.0,er_clique_p0.01_k1
pooled_all,800,0.0963,99,1,ok,0.5937,0.2408,0.9083,0.89,er,clique,0.01,1,3000,800,9.0,13.0,er_clique_p0.01_k1
pooled_all,800,0.0963,99,2,ok,0.5825,0.2432,0.9083,0.89,er,clique,0.01,1,3000,800,9.0,13.0,er_clique_p0.01_k1
pooled_all,800,0.0963,99,3,ok,0.587,0.1189,0.9042,0.89,er,clique,0.01,1,3000,800,9.0,13.0,er_clique_p0.01_k1
pooled_all,800,0.0963,99,4,ok,0.5984,0.2785,0.9167,0.89,er,clique,0.01,1,3000,800,9.0,13.0,er_clique_p0.01_k1
pooled_all,800,0.0963,99,5,ok,0.5831,0.2769,0.9083,0.89,er,clique,0.01,1,3000,800,9.0,13.0,er_clique_p0.01_k1
pooled_all,800,0.0963,99,6,ok,0.5411,0.2615,0.9083,0.89,er,clique,0.01,1,3000,800,9.0,13.0,er_clique_p0.01_k1
pooled_all,800,0.0963,99,7,ok,0.5744,0.2608,0.9083,0.89,er,clique,0.01,1,3000,800,9.0,13.0,er_clique_p0.01_k1
pooled_all,800,0.0963,99,8,ok,0.5782,0.2585,0.9125,0.89,er,clique,0.01,1,3000,800,9.0,13.0,er_clique_p0.01_k1
pooled_all,800,0.0963,99,9,ok,0.5386,0.2032,0.9,0.89,er,clique,0.01,1,3000,800,9.0,13.0,er_clique_p0.01_k1
pooled_max,800,0.0963,33,0,ok,0.6059,0.2523,0.9167,0.57,er,clique,0.01,1,3000,800,9.0,13.0,er_clique_p0.01_k1
pooled_max,800,0.0963,33,1,ok,0.612,0.2541,0.9125,0.57,er,clique,0.01,1,3000,800,9.0,13.0,er_clique_p0.01_k1
pooled_max,800,0.0963,33,2,ok,0.664,0.2543,0.9125,0.57,er,clique,0.01,1,3000,800,9.0,13.0,er_clique_p0.01_k1
pooled_max,800,0.0963,33,3,ok,0.5639,0.1233,0.9042,0.57,er,clique,0.01,1,3000,800,9.0,13.0,er_clique_p0.01_k1
pooled_max,800,0.0963,33,4,ok,0.6504,0.3125,0.9125,0.57,er,clique,0.01,1,3000,800,9.0,13.0,er_clique_p0.01_k1
pooled_max,800,0.0963,33,5,ok,0.5724,0.2893,0.9083,0.57,er,clique,0.01,1,3000,800,9.0,13.0,er_clique_p0.01_k1
pooled_max,800,0.0963,33,6,ok,0.5982,0.2884,0.9167,0.57,er,clique,0.01,1,3000,800,9.0,13.0,er_clique_p0.01_k1
pooled_max,800,0.0963,33,7,ok,0.5385,0.2354,0.9167,0.57,er,clique,0.01,1,3000,800,9.0,13.0,er_clique_p0.01_k1
pooled_max,800,0.0963,33,8,ok,0.5909,0.2526,0.9125,0.57,er,clique,0.01,1,3000,800,9.0,13.0,er_clique_p0.01_k1
pooled_max,800,0.0963,33,9,ok,0.6554,0.2417,0.9,0.57,er,clique,0.01,1,3000,800,9.0,13.0,er_clique_p0.01_k1
size_only,800,0.0963,2,0,ok,0.6315,0.2335,0.9125,0.56,er,clique,0.01,1,3000,800,9.0,13.0,er_clique_p0.01_k1
size_only,800,0.0963,2,1,ok,0.6242,0.255,0.9167,0.56,er,clique,0.01,1,3000,800,9.0,13.0,er_clique_p0.01_k1
size_only,800,0.0963,2,2,ok,0.6641,0.2483,0.9083,0.56,er,clique,0.01,1,3000,800,9.0,13.0,er_clique_p0.01_k1
size_only,800,0.0963,2,3,ok,0.5879,0.129,0.9042,0.56,er,clique,0.01,1,3000,800,9.0,13.0,er_clique_p0.01_k1
size_only,800,0.0963,2,4,ok,0.6039,0.2718,0.9167,0.56,er,clique,0.01,1,3000,800,9.0,13.0,er_clique_p0.01_k1
size_only,800,0.0963,2,5,ok,0.572,0.3117,0.925,0.56,er,clique,0.01,1,3000,800,9.0,13.0,er_clique_p0.01_k1
size_only,800,0.0963,2,6,ok,0.5796,0.2766,0.9167,0.56,er,clique,0.01,1,3000,800,9.0,13.0,er_clique_p0.01_k1
size_only,800,0.0963,2,7,ok,0.5465,0.202,0.9083,0.56,er,clique,0.01,1,3000,800,9.0,13.0,er_clique_p0.01_k1
size_only,800,0.0963,2,8,ok,0.5876,0.2489,0.9167,0.56,er,clique,0.01,1,3000,800,9.0,13.0,er_clique_p0.01_k1
size_only,800,0.0963,2,9,ok,0.6478,0.2598,0.9083,0.56,er,clique,0.01,1,3000,800,9.0,13.0,er_clique_p0.01_k1
node_oracle,800,0.0963,1,0,ok,1.0,1.0,1.0,0.44,er,clique,0.01,1,3000,800,9.0,13.0,er_clique_p0.01_k1
node_oracle,800,0.0963,1,1,ok,0.9986,0.9845,0.9917,0.44,er,clique,0.01,1,3000,800,9.0,13.0,er_clique_p0.01_k1
node_oracle,800,0.0963,1,2,ok,0.9986,0.9845,0.9917,0.44,er,clique,0.01,1,3000,800,9.0,13.0,er_clique_p0.01_k1
node_oracle,800,0.0963,1,3,ok,0.9986,0.9871,0.9917,0.44,er,clique,0.01,1,3000,800,9.0,13.0,er_clique_p0.01_k1
node_oracle,800,0.0963,1,4,ok,1.0,1.0,1.0,0.44,er,clique,0.01,1,3000,800,9.0,13.0,er_clique_p0.01_k1
node_oracle,800,0.0963,1,5,ok,1.0,1.0,1.0,0.44,er,clique,0.01,1,3000,800,9.0,13.0,er_clique_p0.01_k1
node_oracle,800,0.0963,1,6,ok,1.0,1.0,1.0,0.44,er,clique,0.01,1,3000,800,9.0,13.0,er_clique_p0.01_k1
node_oracle,800,0.0963,1,7,ok,1.0,1.0,1.0,0.44,er,clique,0.01,1,3000,800,9.0,13.0,er_clique_p0.01_k1
node_oracle,800,0.0963,1,8,ok,1.0,1.0,1.0,0.44,er,clique,0.01,1,3000,800,9.0,13.0,er_clique_p0.01_k1
node_oracle,800,0.0963,1,9,ok,1.0,1.0,0.9958,0.44,er,clique,0.01,1,3000,800,9.0,13.0,er_clique_p0.01_k1
wasserstein,800,0.1462,16,0,ok,0.5114,0.2006,0.8542,0.54,er,clique,0.02,1,3000,800,9.0,13.0,er_clique_p0.02_k1
wasserstein,800,0.1462,16,1,ok,0.5629,0.2519,0.8583,0.54,er,clique,0.02,1,3000,800,9.0,13.0,er_clique_p0.02_k1
wasserstein,800,0.1462,16,2,ok,0.5242,0.222,0.8625,0.54,er,clique,0.02,1,3000,800,9.0,13.0,er_clique_p0.02_k1
wasserstein,800,0.1462,16,3,ok,0.6009,0.2609,0.8542,0.54,er,clique,0.02,1,3000,800,9.0,13.0,er_clique_p0.02_k1
wasserstein,800,0.1462,16,4,ok,0.5598,0.229,0.8583,0.54,er,clique,0.02,1,3000,800,9.0,13.0,er_clique_p0.02_k1
wasserstein,800,0.1462,16,5,ok,0.5352,0.262,0.8667,0.54,er,clique,0.02,1,3000,800,9.0,13.0,er_clique_p0.02_k1
wasserstein,800,0.1462,16,6,ok,0.639,0.3215,0.8708,0.54,er,clique,0.02,1,3000,800,9.0,13.0,er_clique_p0.02_k1
wasserstein,800,0.1462,16,7,ok,0.642,0.307,0.8625,0.54,er,clique,0.02,1,3000,800,9.0,13.0,er_clique_p0.02_k1
wasserstein,800,0.1462,16,8,ok,0.5577,0.2203,0.85,0.54,er,clique,0.02,1,3000,800,9.0,13.0,er_clique_p0.02_k1
wasserstein,800,0.1462,16,9,ok,0.4646,0.1644,0.8542,0.54,er,clique,0.02,1,3000,800,9.0,13.0,er_clique_p0.02_k1
pooled_all,800,0.1462,99,0,ok,0.5252,0.2295,0.8542,0.78,er,clique,0.02,1,3000,800,9.0,13.0,er_clique_p0.02_k1
pooled_all,800,0.1462,99,1,ok,0.606,0.2773,0.8625,0.78,er,clique,0.02,1,3000,800,9.0,13.0,er_clique_p0.02_k1
pooled_all,800,0.1462,99,2,ok,0.4702,0.2187,0.85,0.78,er,clique,0.02,1,3000,800,9.0,13.0,er_clique_p0.02_k1
pooled_all,800,0.1462,99,3,ok,0.5842,0.2581,0.8458,0.78,er,clique,0.02,1,3000,800,9.0,13.0,er_clique_p0.02_k1
pooled_all,800,0.1462,99,4,ok,0.5424,0.2368,0.85,0.78,er,clique,0.02,1,3000,800,9.0,13.0,er_clique_p0.02_k1
pooled_all,800,0.1462,99,5,ok,0.5023,0.2548,0.8625,0.78,er,clique,0.02,1,3000,800,9.0,13.0,er_clique_p0.02_k1
pooled_all,800,0.1462,99,6,ok,0.6242,0.3283,0.8708,0.78,er,clique,0.02,1,3000,800,9.0,13.0,er_clique_p0.02_k1
pooled_all,800,0.1462,99,7,ok,0.5867,0.3445,0.875,0.78,er,clique,0.02,1,3000,800,9.0,13.0,er_clique_p0.02_k1
pooled_all,800,0.1462,99,8,ok,0.5762,0.276,0.8583,0.78,er,clique,0.02,1,3000,800,9.0,13.0,er_clique_p0.02_k1
pooled_all,800,0.1462,99,9,ok,0.5037,0.2144,0.8625,0.78,er,clique,0.02,1,3000,800,9.0,13.0,er_clique_p0.02_k1
pooled_max,800,0.1462,33,0,ok,0.5075,0.1992,0.8417,0.55,er,clique,0.02,1,3000,800,9.0,13.0,er_clique_p0.02_k1
pooled_max,800,0.1462,33,1,ok,0.5567,0.2589,0.8667,0.55,er,clique,0.02,1,3000,800,9.0,13.0,er_clique_p0.02_k1
pooled_max,800,0.1462,33,2,ok,0.5162,0.2325,0.8667,0.55,er,clique,0.02,1,3000,800,9.0,13.0,er_clique_p0.02_k1
pooled_max,800,0.1462,33,3,ok,0.5668,0.2335,0.8542,0.55,er,clique,0.02,1,3000,800,9.0,13.0,er_clique_p0.02_k1
pooled_max,800,0.1462,33,4,ok,0.5446,0.2239,0.85,0.55,er,clique,0.02,1,3000,800,9.0,13.0,er_clique_p0.02_k1
pooled_max,800,0.1462,33,5,ok,0.5279,0.256,0.8542,0.55,er,clique,0.02,1,3000,800,9.0,13.0,er_clique_p0.02_k1
pooled_max,800,0.1462,33,6,ok,0.6224,0.3175,0.8708,0.55,er,clique,0.02,1,3000,800,9.0,13.0,er_clique_p0.02_k1
pooled_max,800,0.1462,33,7,ok,0.6396,0.3067,0.8667,0.55,er,clique,0.02,1,3000,800,9.0,13.0,er_clique_p0.02_k1
pooled_max,800,0.1462,33,8,ok,0.5322,0.2127,0.8542,0.55,er,clique,0.02,1,3000,800,9.0,13.0,er_clique_p0.02_k1
pooled_max,800,0.1462,33,9,ok,0.4668,0.1643,0.85,0.55,er,clique,0.02,1,3000,800,9.0,13.0,er_clique_p0.02_k1
size_only,800,0.1462,2,0,ok,0.5165,0.2016,0.8542,0.42,er,clique,0.02,1,3000,800,9.0,13.0,er_clique_p0.02_k1
size_only,800,0.1462,2,1,ok,0.5705,0.2629,0.8667,0.42,er,clique,0.02,1,3000,800,9.0,13.0,er_clique_p0.02_k1
size_only,800,0.1462,2,2,ok,0.5342,0.2438,0.8667,0.42,er,clique,0.02,1,3000,800,9.0,13.0,er_clique_p0.02_k1
size_only,800,0.1462,2,3,ok,0.5661,0.2318,0.8542,0.42,er,clique,0.02,1,3000,800,9.0,13.0,er_clique_p0.02_k1
size_only,800,0.1462,2,4,ok,0.5468,0.2234,0.8542,0.42,er,clique,0.02,1,3000,800,9.0,13.0,er_clique_p0.02_k1
size_only,800,0.1462,2,5,ok,0.5404,0.266,0.8667,0.42,er,clique,0.02,1,3000,800,9.0,13.0,er_clique_p0.02_k1
size_only,800,0.1462,2,6,ok,0.6056,0.2968,0.8667,0.42,er,clique,0.02,1,3000,800,9.0,13.0,er_clique_p0.02_k1
size_only,800,0.1462,2,7,ok,0.616,0.27,0.8625,0.42,er,clique,0.02,1,3000,800,9.0,13.0,er_clique_p0.02_k1
size_only,800,0.1462,2,8,ok,0.5297,0.2264,0.8583,0.42,er,clique,0.02,1,3000,800,9.0,13.0,er_clique_p0.02_k1
size_only,800,0.1462,2,9,ok,0.4642,0.1655,0.85,0.42,er,clique,0.02,1,3000,800,9.0,13.0,er_clique_p0.02_k1
node_oracle,800,0.1462,1,0,ok,0.962,0.9397,0.9875,0.38,er,clique,0.02,1,3000,800,9.0,13.0,er_clique_p0.02_k1
node_oracle,800,0.1462,1,1,ok,0.9875,0.9608,0.9875,0.38,er,clique,0.02,1,3000,800,9.0,13.0,er_clique_p0.02_k1
node_oracle,800,0.1462,1,2,ok,0.9603,0.9209,0.9833,0.38,er,clique,0.02,1,3000,800,9.0,13.0,er_clique_p0.02_k1
node_oracle,800,0.1462,1,3,ok,0.9212,0.8726,0.975,0.38,er,clique,0.02,1,3000,800,9.0,13.0,er_clique_p0.02_k1
node_oracle,800,0.1462,1,4,ok,0.9853,0.9473,0.9833,0.38,er,clique,0.02,1,3000,800,9.0,13.0,er_clique_p0.02_k1
node_oracle,800,0.1462,1,5,ok,0.938,0.9155,0.9833,0.38,er,clique,0.02,1,3000,800,9.0,13.0,er_clique_p0.02_k1
node_oracle,800,0.1462,1,6,ok,0.9999,0.9992,0.9958,0.38,er,clique,0.02,1,3000,800,9.0,13.0,er_clique_p0.02_k1
node_oracle,800,0.1462,1,7,ok,0.9818,0.9437,0.9875,0.38,er,clique,0.02,1,3000,800,9.0,13.0,er_clique_p0.02_k1
node_oracle,800,0.1462,1,8,ok,0.987,0.9631,0.9917,0.38,er,clique,0.02,1,3000,800,9.0,13.0,er_clique_p0.02_k1
node_oracle,800,0.1462,1,9,ok,0.9611,0.9363,0.9875,0.38,er,clique,0.02,1,3000,800,9.0,13.0,er_clique_p0.02_k1
wasserstein,800,0.385,16,0,ok,0.6844,0.6076,0.6625,0.56,er,clique,0.05,1,3000,800,9.0,13.100000000000023,er_clique_p0.05_k1
wasserstein,800,0.385,16,1,ok,0.6486,0.5691,0.65,0.56,er,clique,0.05,1,3000,800,9.0,13.100000000000023,er_clique_p0.05_k1
wasserstein,800,0.385,16,2,ok,0.6476,0.5632,0.6583,0.56,er,clique,0.05,1,3000,800,9.0,13.100000000000023,er_clique_p0.05_k1
wasserstein,800,0.385,16,3,ok,0.6332,0.5288,0.625,0.56,er,clique,0.05,1,3000,800,9.0,13.100000000000023,er_clique_p0.05_k1
wasserstein,800,0.385,16,4,ok,0.6403,0.5785,0.6625,0.56,er,clique,0.05,1,3000,800,9.0,13.100000000000023,er_clique_p0.05_k1
wasserstein,800,0.385,16,5,ok,0.6596,0.5593,0.6292,0.56,er,clique,0.05,1,3000,800,9.0,13.100000000000023,er_clique_p0.05_k1
wasserstein,800,0.385,16,6,ok,0.6852,0.5944,0.65,0.56,er,clique,0.05,1,3000,800,9.0,13.100000000000023,er_clique_p0.05_k1
wasserstein,800,0.385,16,7,ok,0.6699,0.5945,0.6583,0.56,er,clique,0.05,1,3000,800,9.0,13.100000000000023,er_clique_p0.05_k1
wasserstein,800,0.385,16,8,ok,0.6508,0.5642,0.6583,0.56,er,clique,0.05,1,3000,800,9.0,13.100000000000023,er_clique_p0.05_k1
wasserstein,800,0.385,16,9,ok,0.684,0.5972,0.6667,0.56,er,clique,0.05,1,3000,800,9.0,13.100000000000023,er_clique_p0.05_k1
pooled_all,800,0.385,99,0,ok,0.7155,0.6475,0.6833,1.0,er,clique,0.05,1,3000,800,9.0,13.100000000000023,er_clique_p0.05_k1
pooled_all,800,0.385,99,1,ok,0.6517,0.5927,0.65,1.0,er,clique,0.05,1,3000,800,9.0,13.100000000000023,er_clique_p0.05_k1
pooled_all,800,0.385,99,2,ok,0.6138,0.5535,0.6375,1.0,er,clique,0.05,1,3000,800,9.0,13.100000000000023,er_clique_p0.05_k1
pooled_all,800,0.385,99,3,ok,0.6156,0.5311,0.6208,1.0,er,clique,0.05,1,3000,800,9.0,13.100000000000023,er_clique_p0.05_k1
pooled_all,800,0.385,99,4,ok,0.6456,0.6072,0.6708,1.0,er,clique,0.05,1,3000,800,9.0,13.100000000000023,er_clique_p0.05_k1
pooled_all,800,0.385,99,5,ok,0.6453,0.5687,0.6375,1.0,er,clique,0.05,1,3000,800,9.0,13.100000000000023,er_clique_p0.05_k1
pooled_all,800,0.385,99,6,ok,0.6499,0.5895,0.6292,1.0,er,clique,0.05,1,3000,800,9.0,13.100000000000023,er_clique_p0.05_k1
pooled_all,800,0.385,99,7,ok,0.6561,0.5967,0.6417,1.0,er,clique,0.05,1,3000,800,9.0,13.100000000000023,er_clique_p0.05_k1
pooled_all,800,0.385,99,8,ok,0.6519,0.5961,0.6625,1.0,er,clique,0.05,1,3000,800,9.0,13.100000000000023,er_clique_p0.05_k1
pooled_all,800,0.385,99,9,ok,0.6514,0.5945,0.6708,1.0,er,clique,0.05,1,3000,800,9.0,13.100000000000023,er_clique_p0.05_k1
pooled_max,800,0.385,33,0,ok,0.6877,0.6108,0.6667,0.57,er,clique,0.05,1,3000,800,9.0,13.100000000000023,er_clique_p0.05_k1
pooled_max,800,0.385,33,1,ok,0.6612,0.5813,0.6625,0.57,er,clique,0.05,1,3000,800,9.0,13.100000000000023,er_clique_p0.05_k1
pooled_max,800,0.385,33,2,ok,0.6711,0.5942,0.6667,0.57,er,clique,0.05,1,3000,800,9.0,13.100000000000023,er_clique_p0.05_k1
pooled_max,800,0.385,33,3,ok,0.6319,0.5244,0.6208,0.57,er,clique,0.05,1,3000,800,9.0,13.100000000000023,er_clique_p0.05_k1
pooled_max,800,0.385,33,4,ok,0.6506,0.5988,0.6708,0.57,er,clique,0.05,1,3000,800,9.0,13.100000000000023,er_clique_p0.05_k1
pooled_max,800,0.385,33,5,ok,0.6648,0.5675,0.6292,0.57,er,clique,0.05,1,3000,800,9.0,13.100000000000023,er_clique_p0.05_k1
pooled_max,800,0.385,33,6,ok,0.6934,0.6032,0.6542,0.57,er,clique,0.05,1,3000,800,9.0,13.100000000000023,er_clique_p0.05_k1
pooled_max,800,0.385,33,7,ok,0.6885,0.6093,0.6625,0.57,er,clique,0.05,1,3000,800,9.0,13.100000000000023,er_clique_p0.05_k1
pooled_max,800,0.385,33,8,ok,0.6529,0.579,0.6708,0.57,er,clique,0.05,1,3000,800,9.0,13.100000000000023,er_clique_p0.05_k1
pooled_max,800,0.385,33,9,ok,0.6834,0.597,0.6625,0.57,er,clique,0.05,1,3000,800,9.0,13.100000000000023,er_clique_p0.05_k1
size_only,800,0.385,2,0,ok,0.6852,0.6017,0.6667,0.59,er,clique,0.05,1,3000,800,9.0,13.100000000000023,er_clique_p0.05_k1
size_only,800,0.385,2,1,ok,0.6587,0.5751,0.6542,0.59,er,clique,0.05,1,3000,800,9.0,13.100000000000023,er_clique_p0.05_k1
size_only,800,0.385,2,2,ok,0.6638,0.5675,0.6583,0.59,er,clique,0.05,1,3000,800,9.0,13.100000000000023,er_clique_p0.05_k1
size_only,800,0.385,2,3,ok,0.6393,0.539,0.625,0.59,er,clique,0.05,1,3000,800,9.0,13.100000000000023,er_clique_p0.05_k1
size_only,800,0.385,2,4,ok,0.659,0.6081,0.675,0.59,er,clique,0.05,1,3000,800,9.0,13.100000000000023,er_clique_p0.05_k1
size_only,800,0.385,2,5,ok,0.6533,0.5536,0.6417,0.59,er,clique,0.05,1,3000,800,9.0,13.100000000000023,er_clique_p0.05_k1
size_only,800,0.385,2,6,ok,0.6959,0.6019,0.65,0.59,er,clique,0.05,1,3000,800,9.0,13.100000000000023,er_clique_p0.05_k1
size_only,800,0.385,2,7,ok,0.6967,0.6179,0.6625,0.59,er,clique,0.05,1,3000,800,9.0,13.100000000000023,er_clique_p0.05_k1
size_only,800,0.385,2,8,ok,0.6454,0.5613,0.6542,0.59,er,clique,0.05,1,3000,800,9.0,13.100000000000023,er_clique_p0.05_k1
size_only,800,0.385,2,9,ok,0.692,0.6021,0.6667,0.59,er,clique,0.05,1,3000,800,9.0,13.100000000000023,er_clique_p0.05_k1
node_oracle,800,0.385,1,0,ok,0.9971,0.995,0.9875,0.37,er,clique,0.05,1,3000,800,9.0,13.100000000000023,er_clique_p0.05_k1
node_oracle,800,0.385,1,1,ok,0.9966,0.993,0.9792,0.37,er,clique,0.05,1,3000,800,9.0,13.100000000000023,er_clique_p0.05_k1
node_oracle,800,0.385,1,2,ok,0.998,0.996,0.9833,0.37,er,clique,0.05,1,3000,800,9.0,13.100000000000023,er_clique_p0.05_k1
node_oracle,800,0.385,1,3,ok,0.9971,0.9938,0.9833,0.37,er,clique,0.05,1,3000,800,9.0,13.100000000000023,er_clique_p0.05_k1
node_oracle,800,0.385,1,4,ok,0.9991,0.9982,0.9958,0.37,er,clique,0.05,1,3000,800,9.0,13.100000000000023,er_clique_p0.05_k1
node_oracle,800,0.385,1,5,ok,0.9996,0.9989,0.9875,0.37,er,clique,0.05,1,3000,800,9.0,13.100000000000023,er_clique_p0.05_k1
node_oracle,800,0.385,1,6,ok,0.9984,0.9969,0.9792,0.37,er,clique,0.05,1,3000,800,9.0,13.100000000000023,er_clique_p0.05_k1
node_oracle,800,0.385,1,7,ok,0.9982,0.9963,0.9833,0.37,er,clique,0.05,1,3000,800,9.0,13.100000000000023,er_clique_p0.05_k1
node_oracle,800,0.385,1,8,ok,0.9974,0.9947,0.975,0.37,er,clique,0.05,1,3000,800,9.0,13.100000000000023,er_clique_p0.05_k1
node_oracle,800,0.385,1,9,ok,0.9978,0.9956,0.9833,0.37,er,clique,0.05,1,3000,800,9.0,13.100000000000023,er_clique_p0.05_k1
wasserstein,800,0.5675,16,0,ok,0.6,0.7123,0.55,0.58,er,clique,0.1,1,3000,800,9.0,14.0,er_clique_p0.1_k1
wasserstein,800,0.5675,16,1,ok,0.5823,0.6784,0.5708,0.58,er,clique,0.1,1,3000,800,9.0,14.0,er_clique_p0.1_k1
wasserstein,800,0.5675,16,2,ok,0.6396,0.7319,0.6125,0.58,er,clique,0.1,1,3000,800,9.0,14.0,er_clique_p0.1_k1
wasserstein,800,0.5675,16,3,ok,0.6373,0.7277,0.6417,0.58,er,clique,0.1,1,3000,800,9.0,14.0,er_clique_p0.1_k1
wasserstein,800,0.5675,16,4,ok,0.5993,0.6891,0.5792,0.58,er,clique,0.1,1,3000,800,9.0,14.0,er_clique_p0.1_k1
wasserstein,800,0.5675,16,5,ok,0.6531,0.7434,0.5917,0.58,er,clique,0.1,1,3000,800,9.0,14.0,er_clique_p0.1_k1
wasserstein,800,0.5675,16,6,ok,0.6305,0.7177,0.5958,0.58,er,clique,0.1,1,3000,800,9.0,14.0,er_clique_p0.1_k1
wasserstein,800,0.5675,16,7,ok,0.5812,0.6747,0.6,0.58,er,clique,0.1,1,3000,800,9.0,14.0,er_clique_p0.1_k1
wasserstein,800,0.5675,16,8,ok,0.6152,0.7035,0.575,0.58,er,clique,0.1,1,3000,800,9.0,14.0,er_clique_p0.1_k1
wasserstein,800,0.5675,16,9,ok,0.5918,0.6911,0.5458,0.58,er,clique,0.1,1,3000,800,9.0,14.0,er_clique_p0.1_k1
pooled_all,800,0.5675,99,0,ok,0.6083,0.7105,0.5958,1.03,er,clique,0.1,1,3000,800,9.0,14.0,er_clique_p0.1_k1
pooled_all,800,0.5675,99,1,ok,0.5784,0.6857,0.5417,1.03,er,clique,0.1,1,3000,800,9.0,14.0,er_clique_p0.1_k1
pooled_all,800,0.5675,99,2,ok,0.6168,0.7332,0.5792,1.03,er,clique,0.1,1,3000,800,9.0,14.0,er_clique_p0.1_k1
pooled_all,800,0.5675,99,3,ok,0.6761,0.7638,0.65,1.03,er,clique,0.1,1,3000,800,9.0,14.0,er_clique_p0.1_k1
pooled_all,800,0.5675,99,4,ok,0.6033,0.6962,0.5667,1.03,er,clique,0.1,1,3000,800,9.0,14.0,er_clique_p0.1_k1
pooled_all,800,0.5675,99,5,ok,0.678,0.7604,0.6167,1.03,er,clique,0.1,1,3000,800,9.0,14.0,er_clique_p0.1_k1
pooled_all,800,0.5675,99,6,ok,0.6317,0.7164,0.5833,1.03,er,clique,0.1,1,3000,800,9.0,14.0,er_clique_p0.1_k1
pooled_all,800,0.5675,99,7,ok,0.6127,0.7044,0.5875,1.03,er,clique,0.1,1,3000,800,9.0,14.0,er_clique_p0.1_k1
pooled_all,800,0.5675,99,8,ok,0.6389,0.7342,0.5833,1.03,er,clique,0.1,1,3000,800,9.0,14.0,er_clique_p0.1_k1
pooled_all,800,0.5675,99,9,ok,0.6031,0.714,0.5708,1.03,er,clique,0.1,1,3000,800,9.0,14.0,er_clique_p0.1_k1
pooled_max,800,0.5675,33,0,ok,0.6,0.7122,0.55,0.64,er,clique,0.1,1,3000,800,9.0,14.0,er_clique_p0.1_k1
pooled_max,800,0.5675,33,1,ok,0.5831,0.6808,0.5708,0.64,er,clique,0.1,1,3000,800,9.0,14.0,er_clique_p0.1_k1
pooled_max,800,0.5675,33,2,ok,0.636,0.7324,0.6125,0.64,er,clique,0.1,1,3000,800,9.0,14.0,er_clique_p0.1_k1
pooled_max,800,0.5675,33,3,ok,0.6444,0.7348,0.6458,0.64,er,clique,0.1,1,3000,800,9.0,14.0,er_clique_p0.1_k1
pooled_max,800,0.5675,33,4,ok,0.5994,0.6907,0.5792,0.64,er,clique,0.1,1,3000,800,9.0,14.0,er_clique_p0.1_k1
pooled_max,800,0.5675,33,5,ok,0.6533,0.744,0.6042,0.64,er,clique,0.1,1,3000,800,9.0,14.0,er_clique_p0.1_k1
pooled_max,800,0.5675,33,6,ok,0.6307,0.7177,0.5958,0.64,er,clique,0.1,1,3000,800,9.0,14.0,er_clique_p0.1_k1
pooled_max,800,0.5675,33,7,ok,0.5895,0.6857,0.5792,0.64,er,clique,0.1,1,3000,800,9.0,14.0,er_clique_p0.1_k1
pooled_max,800,0.5675,33,8,ok,0.626,0.7137,0.5833,0.64,er,clique,0.1,1,3000,800,9.0,14.0,er_clique_p0.1_k1
pooled_max,800,0.5675,33,9,ok,0.59,0.6917,0.5417,0.64,er,clique,0.1,1,3000,800,9.0,14.0,er_clique_p0.1_k1
size_only,800,0.5675,2,0,ok,0.6076,0.718,0.5542,0.5,er,clique,0.1,1,3000,800,9.0,14.0,er_clique_p0.1_k1
size_only,800,0.5675,2,1,ok,0.5841,0.6812,0.5542,0.5,er,clique,0.1,1,3000,800,9.0,14.0,er_clique_p0.1_k1
size_only,800,0.5675,2,2,ok,0.6447,0.7374,0.6167,0.5,er,clique,0.1,1,3000,800,9.0,14.0,er_clique_p0.1_k1
size_only,800,0.5675,2,3,ok,0.6529,0.7377,0.6458,0.5,er,clique,0.1,1,3000,800,9.0,14.0,er_clique_p0.1_k1
size_only,800,0.5675,2,4,ok,0.6024,0.6978,0.5792,0.5,er,clique,0.1,1,3000,800,9.0,14.0,er_clique_p0.1_k1
size_only,800,0.5675,2,5,ok,0.6522,0.7369,0.6042,0.5,er,clique,0.1,1,3000,800,9.0,14.0,er_clique_p0.1_k1
size_only,800,0.5675,2,6,ok,0.6335,0.7224,0.6,0.5,er,clique,0.1,1,3000,800,9.0,14.0,er_clique_p0.1_k1
size_only,800,0.5675,2,7,ok,0.6128,0.7004,0.5833,0.5,er,clique,0.1,1,3000,800,9.0,14.0,er_clique_p0.1_k1
size_only,800,0.5675,2,8,ok,0.6323,0.7222,0.5833,0.5,er,clique,0.1,1,3000,800,9.0,14.0,er_clique_p0.1_k1
size_only,800,0.5675,2,9,ok,0.6011,0.6929,0.5458,0.5,er,clique,0.1,1,3000,800,9.0,14.0,er_clique_p0.1_k1
node_oracle,800,0.5675,1,0,ok,0.9963,0.9968,0.9958,0.27,er,clique,0.1,1,3000,800,9.0,14.0,er_clique_p0.1_k1
node_oracle,800,0.5675,1,1,ok,1.0,1.0,1.0,0.27,er,clique,0.1,1,3000,800,9.0,14.0,er_clique_p0.1_k1
node_oracle,800,0.5675,1,2,ok,0.9963,0.9968,0.9958,0.27,er,clique,0.1,1,3000,800,9.0,14.0,er_clique_p0.1_k1
node_oracle,800,0.5675,1,3,ok,1.0,1.0,1.0,0.27,er,clique,0.1,1,3000,800,9.0,14.0,er_clique_p0.1_k1
node_oracle,800,0.5675,1,4,ok,0.9996,0.9995,0.9917,0.27,er,clique,0.1,1,3000,800,9.0,14.0,er_clique_p0.1_k1
node_oracle,800,0.5675,1,5,ok,1.0,1.0,1.0,0.27,er,clique,0.1,1,3000,800,9.0,14.0,er_clique_p0.1_k1
node_oracle,800,0.5675,1,6,ok,1.0,1.0,1.0,0.27,er,clique,0.1,1,3000,800,9.0,14.0,er_clique_p0.1_k1
node_oracle,800,0.5675,1,7,ok,0.9963,0.9968,0.9958,0.27,er,clique,0.1,1,3000,800,9.0,14.0,er_clique_p0.1_k1
node_oracle,800,0.5675,1,8,ok,0.9963,0.9968,0.9958,0.27,er,clique,0.1,1,3000,800,9.0,14.0,er_clique_p0.1_k1
node_oracle,800,0.5675,1,9,ok,0.9963,0.9968,0.9958,0.27,er,clique,0.1,1,3000,800,9.0,14.0,er_clique_p0.1_k1
wasserstein,800,0.2575,16,0,ok,0.6009,0.3552,0.7458,0.52,er,hub,0.005,1,3000,800,9.0,13.0,er_hub_p0.005_k1
wasserstein,800,0.2575,16,1,ok,0.4864,0.2682,0.7292,0.52,er,hub,0.005,1,3000,800,9.0,13.0,er_hub_p0.005_k1
wasserstein,800,0.2575,16,2,ok,0.5322,0.2946,0.7375,0.52,er,hub,0.005,1,3000,800,9.0,13.0,er_hub_p0.005_k1
wasserstein,800,0.2575,16,3,ok,0.5548,0.3233,0.7333,0.52,er,hub,0.005,1,3000,800,9.0,13.0,er_hub_p0.005_k1
wasserstein,800,0.2575,16,4,ok,0.6371,0.398,0.7417,0.52,er,hub,0.005,1,3000,800,9.0,13.0,er_hub_p0.005_k1
wasserstein,800,0.2575,16,5,ok,0.5698,0.3505,0.7417,0.52,er,hub,0.005,1,3000,800,9.0,13.0,er_hub_p0.005_k1
wasserstein,800,0.2575,16,6,ok,0.5299,0.2965,0.725,0.52,er,hub,0.005,1,3000,800,9.0,13.0,er_hub_p0.005_k1
wasserstein,800,0.2575,16,7,ok,0.5522,0.3305,0.7208,0.52,er,hub,0.005,1,3000,800,9.0,13.0,er_hub_p0.005_k1
wasserstein,800,0.2575,16,8,ok,0.5766,0.2975,0.7292,0.52,er,hub,0.005,1,3000,800,9.0,13.0,er_hub_p0.005_k1
wasserstein,800,0.2575,16,9,ok,0.5396,0.3175,0.7375,0.52,er,hub,0.005,1,3000,800,9.0,13.0,er_hub_p0.005_k1
pooled_all,800,0.2575,99,0,ok,0.5158,0.3119,0.7375,1.0,er,hub,0.005,1,3000,800,9.0,13.0,er_hub_p0.005_k1
pooled_all,800,0.2575,99,1,ok,0.5113,0.2746,0.725,1.0,er,hub,0.005,1,3000,800,9.0,13.0,er_hub_p0.005_k1
pooled_all,800,0.2575,99,2,ok,0.5418,0.2909,0.7167,1.0,er,hub,0.005,1,3000,800,9.0,13.0,er_hub_p0.005_k1
pooled_all,800,0.2575,99,3,ok,0.5137,0.2909,0.7,1.0,er,hub,0.005,1,3000,800,9.0,13.0,er_hub_p0.005_k1
pooled_all,800,0.2575,99,4,ok,0.587,0.3633,0.7375,1.0,er,hub,0.005,1,3000,800,9.0,13.0,er_hub_p0.005_k1
pooled_all,800,0.2575,99,5,ok,0.5731,0.3607,0.75,1.0,er,hub,0.005,1,3000,800,9.0,13.0,er_hub_p0.005_k1
pooled_all,800,0.2575,99,6,ok,0.5106,0.3049,0.7333,1.0,er,hub,0.005,1,3000,800,9.0,13.0,er_hub_p0.005_k1
pooled_all,800,0.2575,99,7,ok,0.5677,0.3363,0.7333,1.0,er,hub,0.005,1,3000,800,9.0,13.0,er_hub_p0.005_k1
pooled_all,800,0.2575,99,8,ok,0.5273,0.3097,0.7333,1.0,er,hub,0.005,1,3000,800,9.0,13.0,er_hub_p0.005_k1
pooled_all,800,0.2575,99,9,ok,0.5709,0.3521,0.7333,1.0,er,hub,0.005,1,3000,800,9.0,13.0,er_hub_p0.005_k1
pooled_max,800,0.2575,33,0,ok,0.6014,0.3558,0.7458,0.63,er,hub,0.005,1,3000,800,9.0,13.0,er_hub_p0.005_k1
pooled_max,800,0.2575,33,1,ok,0.4955,0.2915,0.7333,0.63,er,hub,0.005,1,3000,800,9.0,13.0,er_hub_p0.005_k1
pooled_max,800,0.2575,33,2,ok,0.547,0.297,0.7333,0.63,er,hub,0.005,1,3000,800,9.0,13.0,er_hub_p0.005_k1
pooled_max,800,0.2575,33,3,ok,0.5851,0.3485,0.75,0.63,er,hub,0.005,1,3000,800,9.0,13.0,er_hub_p0.005_k1
pooled_max,800,0.2575,33,4,ok,0.6101,0.3589,0.7417,0.63,er,hub,0.005,1,3000,800,9.0,13.0,er_hub_p0.005_k1
pooled_max,800,0.2575,33,5,ok,0.5832,0.3731,0.7458,0.63,er,hub,0.005,1,3000,800,9.0,13.0,er_hub_p0.005_k1
pooled_max,800,0.2575,33,6,ok,0.5327,0.299,0.7333,0.63,er,hub,0.005,1,3000,800,9.0,13.0,er_hub_p0.005_k1
pooled_max,800,0.2575,33,7,ok,0.5468,0.3353,0.7333,0.63,er,hub,0.005,1,3000,800,9.0,13.0,er_hub_p0.005_k1
pooled_max,800,0.2575,33,8,ok,0.5825,0.3168,0.7333,0.63,er,hub,0.005,1,3000,800,9.0,13.0,er_hub_p0.005_k1
pooled_max,800,0.2575,33,9,ok,0.5636,0.3427,0.7417,0.63,er,hub,0.005,1,3000,800,9.0,13.0,er_hub_p0.005_k1
size_only,800,0.2575,2,0,ok,0.6069,0.3532,0.7458,0.43,er,hub,0.005,1,3000,800,9.0,13.0,er_hub_p0.005_k1
size_only,800,0.2575,2,1,ok,0.5038,0.2775,0.7292,0.43,er,hub,0.005,1,3000,800,9.0,13.0,er_hub_p0.005_k1
size_only,800,0.2575,2,2,ok,0.5549,0.3267,0.7417,0.43,er,hub,0.005,1,3000,800,9.0,13.0,er_hub_p0.005_k1
size_only,800,0.2575,2,3,ok,0.5716,0.3302,0.7417,0.43,er,hub,0.005,1,3000,800,9.0,13.0,er_hub_p0.005_k1
size_only,800,0.2575,2,4,ok,0.6351,0.3774,0.7375,0.43,er,hub,0.005,1,3000,800,9.0,13.0,er_hub_p0.005_k1
size_only,800,0.2575,2,5,ok,0.5643,0.3449,0.7458,0.43,er,hub,0.005,1,3000,800,9.0,13.0,er_hub_p0.005_k1
size_only,800,0.2575,2,6,ok,0.5378,0.3004,0.7375,0.43,er,hub,0.005,1,3000,800,9.0,13.0,er_hub_p0.005_k1
size_only,800,0.2575,2,7,ok,0.5657,0.3396,0.7375,0.43,er,hub,0.005,1,3000,800,9.0,13.0,er_hub_p0.005_k1
size_only,800,0.2575,2,8,ok,0.5763,0.2971,0.7292,0.43,er,hub,0.005,1,3000,800,9.0,13.0,er_hub_p0.005_k1
size_only,800,0.2575,2,9,ok,0.5569,0.3154,0.7375,0.43,er,hub,0.005,1,3000,800,9.0,13.0,er_hub_p0.005_k1
node_oracle,800,0.2575,1,0,ok,1.0,1.0,1.0,0.31,er,hub,0.005,1,3000,800,9.0,13.0,er_hub_p0.005_k1
node_oracle,800,0.2575,1,1,ok,1.0,1.0,1.0,0.31,er,hub,0.005,1,3000,800,9.0,13.0,er_hub_p0.005_k1
node_oracle,800,0.2575,1,2,ok,1.0,1.0,1.0,0.31,er,hub,0.005,1,3000,800,9.0,13.0,er_hub_p0.005_k1
node_oracle,800,0.2575,1,3,ok,1.0,1.0,1.0,0.31,er,hub,0.005,1,3000,800,9.0,13.0,er_hub_p0.005_k1
node_oracle,800,0.2575,1,4,ok,1.0,1.0,1.0,0.31,er,hub,0.005,1,3000,800,9.0,13.0,er_hub_p0.005_k1
node_oracle,800,0.2575,1,5,ok,1.0,1.0,1.0,0.31,er,hub,0.005,1,3000,800,9.0,13.0,er_hub_p0.005_k1
node_oracle,800,0.2575,1,6,ok,1.0,1.0,1.0,0.31,er,hub,0.005,1,3000,800,9.0,13.0,er_hub_p0.005_k1
node_oracle,800,0.2575,1,7,ok,1.0,1.0,1.0,0.31,er,hub,0.005,1,3000,800,9.0,13.0,er_hub_p0.005_k1
node_oracle,800,0.2575,1,8,ok,1.0,1.0,1.0,0.31,er,hub,0.005,1,3000,800,9.0,13.0,er_hub_p0.005_k1
node_oracle,800,0.2575,1,9,ok,1.0,1.0,1.0,0.31,er,hub,0.005,1,3000,800,9.0,13.0,er_hub_p0.005_k1
wasserstein,800,0.4763,16,0,ok,0.6182,0.6119,0.5917,0.54,er,hub,0.01,1,3000,800,9.0,13.0,er_hub_p0.01_k1
wasserstein,800,0.4763,16,1,ok,0.5972,0.5927,0.5708,0.54,er,hub,0.01,1,3000,800,9.0,13.0,er_hub_p0.01_k1
wasserstein,800,0.4763,16,2,ok,0.6147,0.5952,0.575,0.54,er,hub,0.01,1,3000,800,9.0,13.0,er_hub_p0.01_k1
wasserstein,800,0.4763,16,3,ok,0.62,0.594,0.6208,0.54,er,hub,0.01,1,3000,800,9.0,13.0,er_hub_p0.01_k1
wasserstein,800,0.4763,16,4,ok,0.599,0.5751,0.5667,0.54,er,hub,0.01,1,3000,800,9.0,13.0,er_hub_p0.01_k1
wasserstein,800,0.4763,16,5,ok,0.6359,0.6139,0.6292,0.54,er,hub,0.01,1,3000,800,9.0,13.0,er_hub_p0.01_k1
wasserstein,800,0.4763,16,6,ok,0.6817,0.6611,0.6333,0.54,er,hub,0.01,1,3000,800,9.0,13.0,er_hub_p0.01_k1
wasserstein,800,0.4763,16,7,ok,0.6305,0.6392,0.6167,0.54,er,hub,0.01,1,3000,800,9.0,13.0,er_hub_p0.01_k1
wasserstein,800,0.4763,16,8,ok,0.6611,0.6122,0.6208,0.54,er,hub,0.01,1,3000,800,9.0,13.0,er_hub_p0.01_k1
wasserstein,800,0.4763,16,9,ok,0.631,0.6477,0.6125,0.54,er,hub,0.01,1,3000,800,9.0,13.0,er_hub_p0.01_k1
pooled_all,800,0.4763,99,0,ok,0.5891,0.5872,0.5667,1.14,er,hub,0.01,1,3000,800,9.0,13.0,er_hub_p0.01_k1
pooled_all,800,0.4763,99,1,ok,0.6001,0.5916,0.5792,1.14,er,hub,0.01,1,3000,800,9.0,13.0,er_hub_p0.01_k1
pooled_all,800,0.4763,99,2,ok,0.6085,0.5852,0.5583,1.14,er,hub,0.01,1,3000,800,9.0,13.0,er_hub_p0.01_k1
pooled_all,800,0.4763,99,3,ok,0.5805,0.5887,0.5792,1.14,er,hub,0.01,1,3000,800,9.0,13.0,er_hub_p0.01_k1
pooled_all,800,0.4763,99,4,ok,0.6155,0.5892,0.5875,1.14,er,hub,0.01,1,3000,800,9.0,13.0,er_hub_p0.01_k1
pooled_all,800,0.4763,99,5,ok,0.6476,0.6346,0.6083,1.14,er,hub,0.01,1,3000,800,9.0,13.0,er_hub_p0.01_k1
pooled_all,800,0.4763,99,6,ok,0.6374,0.6298,0.5833,1.14,er,hub,0.01,1,3000,800,9.0,13.0,er_hub_p0.01_k1
pooled_all,800,0.4763,99,7,ok,0.6249,0.6413,0.5958,1.14,er,hub,0.01,1,3000,800,9.0,13.0,er_hub_p0.01_k1
pooled_all,800,0.4763,99,8,ok,0.6404,0.5982,0.6,1.14,er,hub,0.01,1,3000,800,9.0,13.0,er_hub_p0.01_k1
pooled_all,800,0.4763,99,9,ok,0.6461,0.6697,0.5875,1.14,er,hub,0.01,1,3000,800,9.0,13.0,er_hub_p0.01_k1
pooled_max,800,0.4763,33,0,ok,0.626,0.6225,0.5917,0.8,er,hub,0.01,1,3000,800,9.0,13.0,er_hub_p0.01_k1
pooled_max,800,0.4763,33,1,ok,0.5918,0.592,0.5625,0.8,er,hub,0.01,1,3000,800,9.0,13.0,er_hub_p0.01_k1
pooled_max,800,0.4763,33,2,ok,0.6247,0.6053,0.5792,0.8,er,hub,0.01,1,3000,800,9.0,13.0,er_hub_p0.01_k1
pooled_max,800,0.4763,33,3,ok,0.6264,0.6096,0.6167,0.8,er,hub,0.01,1,3000,800,9.0,13.0,er_hub_p0.01_k1
pooled_max,800,0.4763,33,4,ok,0.6004,0.5665,0.5667,0.8,er,hub,0.01,1,3000,800,9.0,13.0,er_hub_p0.01_k1
pooled_max,800,0.4763,33,5,ok,0.6281,0.6125,0.625,0.8,er,hub,0.01,1,3000,800,9.0,13.0,er_hub_p0.01_k1
pooled_max,800,0.4763,33,6,ok,0.6756,0.6507,0.6292,0.8,er,hub,0.01,1,3000,800,9.0,13.0,er_hub_p0.01_k1
pooled_max,800,0.4763,33,7,ok,0.6303,0.6377,0.5917,0.8,er,hub,0.01,1,3000,800,9.0,13.0,er_hub_p0.01_k1
pooled_max,800,0.4763,33,8,ok,0.6612,0.608,0.6208,0.8,er,hub,0.01,1,3000,800,9.0,13.0,er_hub_p0.01_k1
pooled_max,800,0.4763,33,9,ok,0.6507,0.662,0.6208,0.8,er,hub,0.01,1,3000,800,9.0,13.0,er_hub_p0.01_k1
size_only,800,0.4763,2,0,ok,0.631,0.6323,0.6,0.58,er,hub,0.01,1,3000,800,9.0,13.0,er_hub_p0.01_k1
size_only,800,0.4763,2,1,ok,0.5907,0.5802,0.5667,0.58,er,hub,0.01,1,3000,800,9.0,13.0,er_hub_p0.01_k1
size_only,800,0.4763,2,2,ok,0.629,0.6182,0.5792,0.58,er,hub,0.01,1,3000,800,9.0,13.0,er_hub_p0.01_k1
size_only,800,0.4763,2,3,ok,0.6177,0.5881,0.6208,0.58,er,hub,0.01,1,3000,800,9.0,13.0,er_hub_p0.01_k1
size_only,800,0.4763,2,4,ok,0.6055,0.5813,0.5708,0.58,er,hub,0.01,1,3000,800,9.0,13.0,er_hub_p0.01_k1
size_only,800,0.4763,2,5,ok,0.6351,0.6167,0.625,0.58,er,hub,0.01,1,3000,800,9.0,13.0,er_hub_p0.01_k1
size_only,800,0.4763,2,6,ok,0.6843,0.655,0.6333,0.58,er,hub,0.01,1,3000,800,9.0,13.0,er_hub_p0.01_k1
size_only,800,0.4763,2,7,ok,0.6438,0.6467,0.6042,0.58,er,hub,0.01,1,3000,800,9.0,13.0,er_hub_p0.01_k1
size_only,800,0.4763,2,8,ok,0.652,0.6196,0.6208,0.58,er,hub,0.01,1,3000,800,9.0,13.0,er_hub_p0.01_k1
size_only,800,0.4763,2,9,ok,0.6606,0.6737,0.6292,0.58,er,hub,0.01,1,3000,800,9.0,13.0,er_hub_p0.01_k1
node_oracle,800,0.4763,1,0,ok,1.0,1.0,1.0,0.25,er,hub,0.01,1,3000,800,9.0,13.0,er_hub_p0.01_k1
node_oracle,800,0.4763,1,1,ok,1.0,1.0,1.0,0.25,er,hub,0.01,1,3000,800,9.0,13.0,er_hub_p0.01_k1
node_oracle,800,0.4763,1,2,ok,1.0,1.0,1.0,0.25,er,hub,0.01,1,3000,800,9.0,13.0,er_hub_p0.01_k1
node_oracle,800,0.4763,1,3,ok,1.0,1.0,1.0,0.25,er,hub,0.01,1,3000,800,9.0,13.0,er_hub_p0.01_k1
node_oracle,800,0.4763,1,4,ok,1.0,1.0,1.0,0.25,er,hub,0.01,1,3000,800,9.0,13.0,er_hub_p0.01_k1
node_oracle,800,0.4763,1,5,ok,1.0,1.0,1.0,0.25,er,hub,0.01,1,3000,800,9.0,13.0,er_hub_p0.01_k1
node_oracle,800,0.4763,1,6,ok,1.0,1.0,1.0,0.25,er,hub,0.01,1,3000,800,9.0,13.0,er_hub_p0.01_k1
node_oracle,800,0.4763,1,7,ok,1.0,1.0,1.0,0.25,er,hub,0.01,1,3000,800,9.0,13.0,er_hub_p0.01_k1
node_oracle,800,0.4763,1,8,ok,1.0,1.0,1.0,0.25,er,hub,0.01,1,3000,800,9.0,13.0,er_hub_p0.01_k1
node_oracle,800,0.4763,1,9,ok,1.0,1.0,1.0,0.25,er,hub,0.01,1,3000,800,9.0,13.0,er_hub_p0.01_k1
wasserstein,800,0.7013,16,0,ok,0.7361,0.8406,0.725,0.51,er,hub,0.02,1,3000,800,10.0,14.0,er_hub_p0.02_k1
wasserstein,800,0.7013,16,1,ok,0.6947,0.8194,0.7125,0.51,er,hub,0.02,1,3000,800,10.0,14.0,er_hub_p0.02_k1
wasserstein,800,0.7013,16,2,ok,0.6808,0.8154,0.7083,0.51,er,hub,0.02,1,3000,800,10.0,14.0,er_hub_p0.02_k1
wasserstein,800,0.7013,16,3,ok,0.7104,0.8401,0.7042,0.51,er,hub,0.02,1,3000,800,10.0,14.0,er_hub_p0.02_k1
wasserstein,800,0.7013,16,4,ok,0.7183,0.8539,0.7083,0.51,er,hub,0.02,1,3000,800,10.0,14.0,er_hub_p0.02_k1
wasserstein,800,0.7013,16,5,ok,0.7012,0.835,0.7333,0.51,er,hub,0.02,1,3000,800,10.0,14.0,er_hub_p0.02_k1
wasserstein,800,0.7013,16,6,ok,0.7235,0.8406,0.7042,0.51,er,hub,0.02,1,3000,800,10.0,14.0,er_hub_p0.02_k1
wasserstein,800,0.7013,16,7,ok,0.688,0.8312,0.7083,0.51,er,hub,0.02,1,3000,800,10.0,14.0,er_hub_p0.02_k1
wasserstein,800,0.7013,16,8,ok,0.7348,0.8634,0.7208,0.51,er,hub,0.02,1,3000,800,10.0,14.0,er_hub_p0.02_k1
wasserstein,800,0.7013,16,9,ok,0.7169,0.8247,0.7125,0.51,er,hub,0.02,1,3000,800,10.0,14.0,er_hub_p0.02_k1
pooled_all,800,0.7013,99,0,ok,0.6882,0.8221,0.7125,1.14,er,hub,0.02,1,3000,800,10.0,14.0,er_hub_p0.02_k1
pooled_all,800,0.7013,99,1,ok,0.6137,0.7959,0.6292,1.14,er,hub,0.02,1,3000,800,10.0,14.0,er_hub_p0.02_k1
pooled_all,800,0.7013,99,2,ok,0.6458,0.8084,0.6875,1.14,er,hub,0.02,1,3000,800,10.0,14.0,er_hub_p0.02_k1
pooled_all,800,0.7013,99,3,ok,0.6288,0.8134,0.6583,1.14,er,hub,0.02,1,3000,800,10.0,14.0,er_hub_p0.02_k1
pooled_all,800,0.7013,99,4,ok,0.6915,0.8462,0.7208,1.14,er,hub,0.02,1,3000,800,10.0,14.0,er_hub_p0.02_k1
pooled_all,800,0.7013,99,5,ok,0.6574,0.8261,0.6958,1.14,er,hub,0.02,1,3000,800,10.0,14.0,er_hub_p0.02_k1
pooled_all,800,0.7013,99,6,ok,0.7228,0.8488,0.7,1.14,er,hub,0.02,1,3000,800,10.0,14.0,er_hub_p0.02_k1
pooled_all,800,0.7013,99,7,ok,0.6387,0.8095,0.7042,1.14,er,hub,0.02,1,3000,800,10.0,14.0,er_hub_p0.02_k1
pooled_all,800,0.7013,99,8,ok,0.6808,0.8359,0.7,1.14,er,hub,0.02,1,3000,800,10.0,14.0,er_hub_p0.02_k1
pooled_all,800,0.7013,99,9,ok,0.6604,0.8197,0.7042,1.14,er,hub,0.02,1,3000,800,10.0,14.0,er_hub_p0.02_k1
pooled_max,800,0.7013,33,0,ok,0.7424,0.8456,0.7292,0.65,er,hub,0.02,1,3000,800,10.0,14.0,er_hub_p0.02_k1
pooled_max,800,0.7013,33,1,ok,0.6958,0.8223,0.7125,0.65,er,hub,0.02,1,3000,800,10.0,14.0,er_hub_p0.02_k1
pooled_max,800,0.7013,33,2,ok,0.6824,0.8177,0.7125,0.65,er,hub,0.02,1,3000,800,10.0,14.0,er_hub_p0.02_k1
pooled_max,800,0.7013,33,3,ok,0.7106,0.8419,0.725,0.65,er,hub,0.02,1,3000,800,10.0,14.0,er_hub_p0.02_k1
pooled_max,800,0.7013,33,4,ok,0.7183,0.85,0.7083,0.65,er,hub,0.02,1,3000,800,10.0,14.0,er_hub_p0.02_k1
pooled_max,800,0.7013,33,5,ok,0.7059,0.8389,0.7375,0.65,er,hub,0.02,1,3000,800,10.0,14.0,er_hub_p0.02_k1
pooled_max,800,0.7013,33,6,ok,0.7274,0.8406,0.7042,0.65,er,hub,0.02,1,3000,800,10.0,14.0,er_hub_p0.02_k1
pooled_max,800,0.7013,33,7,ok,0.6874,0.8274,0.7083,0.65,er,hub,0.02,1,3000,800,10.0,14.0,er_hub_p0.02_k1
pooled_max,800,0.7013,33,8,ok,0.7374,0.8655,0.7208,0.65,er,hub,0.02,1,3000,800,10.0,14.0,er_hub_p0.02_k1
pooled_max,800,0.7013,33,9,ok,0.7175,0.8262,0.7083,0.65,er,hub,0.02,1,3000,800,10.0,14.0,er_hub_p0.02_k1
size_only,800,0.7013,2,0,ok,0.729,0.8375,0.725,0.45,er,hub,0.02,1,3000,800,10.0,14.0,er_hub_p0.02_k1
size_only,800,0.7013,2,1,ok,0.7026,0.8317,0.7083,0.45,er,hub,0.02,1,3000,800,10.0,14.0,er_hub_p0.02_k1
size_only,800,0.7013,2,2,ok,0.6855,0.8253,0.7083,0.45,er,hub,0.02,1,3000,800,10.0,14.0,er_hub_p0.02_k1
size_only,800,0.7013,2,3,ok,0.7206,0.843,0.7,0.45,er,hub,0.02,1,3000,800,10.0,14.0,er_hub_p0.02_k1
size_only,800,0.7013,2,4,ok,0.7252,0.8584,0.7083,0.45,er,hub,0.02,1,3000,800,10.0,14.0,er_hub_p0.02_k1
size_only,800,0.7013,2,5,ok,0.7065,0.8313,0.7208,0.45,er,hub,0.02,1,3000,800,10.0,14.0,er_hub_p0.02_k1
size_only,800,0.7013,2,6,ok,0.7329,0.8574,0.7042,0.45,er,hub,0.02,1,3000,800,10.0,14.0,er_hub_p0.02_k1
size_only,800,0.7013,2,7,ok,0.6892,0.8334,0.7083,0.45,er,hub,0.02,1,3000,800,10.0,14.0,er_hub_p0.02_k1
size_only,800,0.7013,2,8,ok,0.7535,0.8769,0.7208,0.45,er,hub,0.02,1,3000,800,10.0,14.0,er_hub_p0.02_k1
size_only,800,0.7013,2,9,ok,0.7156,0.8483,0.7042,0.45,er,hub,0.02,1,3000,800,10.0,14.0,er_hub_p0.02_k1
node_oracle,800,0.7013,1,0,ok,1.0,1.0,1.0,0.29,er,hub,0.02,1,3000,800,10.0,14.0,er_hub_p0.02_k1
node_oracle,800,0.7013,1,1,ok,1.0,1.0,1.0,0.29,er,hub,0.02,1,3000,800,10.0,14.0,er_hub_p0.02_k1
node_oracle,800,0.7013,1,2,ok,1.0,1.0,1.0,0.29,er,hub,0.02,1,3000,800,10.0,14.0,er_hub_p0.02_k1
node_oracle,800,0.7013,1,3,ok,1.0,1.0,1.0,0.29,er,hub,0.02,1,3000,800,10.0,14.0,er_hub_p0.02_k1
node_oracle,800,0.7013,1,4,ok,1.0,1.0,1.0,0.29,er,hub,0.02,1,3000,800,10.0,14.0,er_hub_p0.02_k1
node_oracle,800,0.7013,1,5,ok,1.0,1.0,1.0,0.29,er,hub,0.02,1,3000,800,10.0,14.0,er_hub_p0.02_k1
node_oracle,800,0.7013,1,6,ok,1.0,1.0,1.0,0.29,er,hub,0.02,1,3000,800,10.0,14.0,er_hub_p0.02_k1
node_oracle,800,0.7013,1,7,ok,1.0,1.0,1.0,0.29,er,hub,0.02,1,3000,800,10.0,14.0,er_hub_p0.02_k1
node_oracle,800,0.7013,1,8,ok,1.0,1.0,1.0,0.29,er,hub,0.02,1,3000,800,10.0,14.0,er_hub_p0.02_k1
node_oracle,800,0.7013,1,9,ok,1.0,1.0,1.0,0.29,er,hub,0.02,1,3000,800,10.0,14.0,er_hub_p0.02_k1
wasserstein,800,0.9625,16,0,ok,0.71,0.9803,0.9625,0.62,er,hub,0.05,1,3000,800,12.0,17.0,er_hub_p0.05_k1
wasserstein,800,0.9625,16,1,ok,0.6126,0.9788,0.9625,0.62,er,hub,0.05,1,3000,800,12.0,17.0,er_hub_p0.05_k1
wasserstein,800,0.9625,16,2,ok,0.5404,0.9652,0.9625,0.62,er,hub,0.05,1,3000,800,12.0,17.0,er_hub_p0.05_k1
wasserstein,800,0.9625,16,3,ok,0.6378,0.9785,0.9625,0.62,er,hub,0.05,1,3000,800,12.0,17.0,er_hub_p0.05_k1
wasserstein,800,0.9625,16,4,ok,0.6236,0.9701,0.9583,0.62,er,hub,0.05,1,3000,800,12.0,17.0,er_hub_p0.05_k1
wasserstein,800,0.9625,16,5,ok,0.7035,0.9831,0.95,0.62,er,hub,0.05,1,3000,800,12.0,17.0,er_hub_p0.05_k1
wasserstein,800,0.9625,16,6,ok,0.6616,0.9814,0.9625,0.62,er,hub,0.05,1,3000,800,12.0,17.0,er_hub_p0.05_k1
wasserstein,800,0.9625,16,7,ok,0.5981,0.9644,0.9625,0.62,er,hub,0.05,1,3000,800,12.0,17.0,er_hub_p0.05_k1
wasserstein,800,0.9625,16,8,ok,0.7027,0.9826,0.9625,0.62,er,hub,0.05,1,3000,800,12.0,17.0,er_hub_p0.05_k1
wasserstein,800,0.9625,16,9,ok,0.6893,0.9822,0.9583,0.62,er,hub,0.05,1,3000,800,12.0,17.0,er_hub_p0.05_k1
pooled_all,800,0.9625,99,0,ok,0.6272,0.9702,0.9625,1.03,er,hub,0.05,1,3000,800,12.0,17.0,er_hub_p0.05_k1
pooled_all,800,0.9625,99,1,ok,0.5688,0.9702,0.9583,1.03,er,hub,0.05,1,3000,800,12.0,17.0,er_hub_p0.05_k1
pooled_all,800,0.9625,99,2,ok,0.5529,0.9666,0.9542,1.03,er,hub,0.05,1,3000,800,12.0,17.0,er_hub_p0.05_k1
pooled_all,800,0.9625,99,3,ok,0.6344,0.9742,0.9542,1.03,er,hub,0.05,1,3000,800,12.0,17.0,er_hub_p0.05_k1
pooled_all,800,0.9625,99,4,ok,0.5534,0.9672,0.9583,1.03,er,hub,0.05,1,3000,800,12.0,17.0,er_hub_p0.05_k1
pooled_all,800,0.9625,99,5,ok,0.6087,0.9755,0.9542,1.03,er,hub,0.05,1,3000,800,12.0,17.0,er_hub_p0.05_k1
pooled_all,800,0.9625,99,6,ok,0.6359,0.979,0.9625,1.03,er,hub,0.05,1,3000,800,12.0,17.0,er_hub_p0.05_k1
pooled_all,800,0.9625,99,7,ok,0.5746,0.9602,0.9625,1.03,er,hub,0.05,1,3000,800,12.0,17.0,er_hub_p0.05_k1
pooled_all,800,0.9625,99,8,ok,0.702,0.9843,0.9583,1.03,er,hub,0.05,1,3000,800,12.0,17.0,er_hub_p0.05_k1
pooled_all,800,0.9625,99,9,ok,0.6893,0.9765,0.9458,1.03,er,hub,0.05,1,3000,800,12.0,17.0,er_hub_p0.05_k1
pooled_max,800,0.9625,33,0,ok,0.7229,0.9799,0.9625,0.56,er,hub,0.05,1,3000,800,12.0,17.0,er_hub_p0.05_k1
pooled_max,800,0.9625,33,1,ok,0.5926,0.9769,0.9625,0.56,er,hub,0.05,1,3000,800,12.0,17.0,er_hub_p0.05_k1
pooled_max,800,0.9625,33,2,ok,0.5544,0.9619,0.9625,0.56,er,hub,0.05,1,3000,800,12.0,17.0,er_hub_p0.05_k1
pooled_max,800,0.9625,33,3,ok,0.6474,0.9788,0.9625,0.56,er,hub,0.05,1,3000,800,12.0,17.0,er_hub_p0.05_k1
pooled_max,800,0.9625,33,4,ok,0.6106,0.9724,0.9583,0.56,er,hub,0.05,1,3000,800,12.0,17.0,er_hub_p0.05_k1
pooled_max,800,0.9625,33,5,ok,0.7261,0.9853,0.95,0.56,er,hub,0.05,1,3000,800,12.0,17.0,er_hub_p0.05_k1
pooled_max,800,0.9625,33,6,ok,0.6626,0.9808,0.9625,0.56,er,hub,0.05,1,3000,800,12.0,17.0,er_hub_p0.05_k1
pooled_max,800,0.9625,33,7,ok,0.6688,0.9777,0.9625,0.56,er,hub,0.05,1,3000,800,12.0,17.0,er_hub_p0.05_k1
pooled_max,800,0.9625,33,8,ok,0.7011,0.9824,0.9625,0.56,er,hub,0.05,1,3000,800,12.0,17.0,er_hub_p0.05_k1
pooled_max,800,0.9625,33,9,ok,0.6794,0.9808,0.9583,0.56,er,hub,0.05,1,3000,800,12.0,17.0,er_hub_p0.05_k1
size_only,800,0.9625,2,0,ok,0.7376,0.984,0.9625,0.44,er,hub,0.05,1,3000,800,12.0,17.0,er_hub_p0.05_k1
size_only,800,0.9625,2,1,ok,0.569,0.9723,0.9625,0.44,er,hub,0.05,1,3000,800,12.0,17.0,er_hub_p0.05_k1
size_only,800,0.9625,2,2,ok,0.5928,0.9768,0.9625,0.44,er,hub,0.05,1,3000,800,12.0,17.0,er_hub_p0.05_k1
size_only,800,0.9625,2,3,ok,0.6207,0.9745,0.9625,0.44,er,hub,0.05,1,3000,800,12.0,17.0,er_hub_p0.05_k1
size_only,800,0.9625,2,4,ok,0.6058,0.9711,0.9625,0.44,er,hub,0.05,1,3000,800,12.0,17.0,er_hub_p0.05_k1
size_only,800,0.9625,2,5,ok,0.6801,0.9791,0.9625,0.44,er,hub,0.05,1,3000,800,12.0,17.0,er_hub_p0.05_k1
size_only,800,0.9625,2,6,ok,0.6164,0.9757,0.9625,0.44,er,hub,0.05,1,3000,800,12.0,17.0,er_hub_p0.05_k1
size_only,800,0.9625,2,7,ok,0.6412,0.9731,0.9625,0.44,er,hub,0.05,1,3000,800,12.0,17.0,er_hub_p0.05_k1
size_only,800,0.9625,2,8,ok,0.7015,0.9825,0.9625,0.44,er,hub,0.05,1,3000,800,12.0,17.0,er_hub_p0.05_k1
size_only,800,0.9625,2,9,ok,0.6556,0.9765,0.9625,0.44,er,hub,0.05,1,3000,800,12.0,17.0,er_hub_p0.05_k1
node_oracle,800,0.9625,1,0,ok,0.5,0.9625,0.9625,0.38,er,hub,0.05,1,3000,800,12.0,17.0,er_hub_p0.05_k1
node_oracle,800,0.9625,1,1,ok,0.5,0.9625,0.9625,0.38,er,hub,0.05,1,3000,800,12.0,17.0,er_hub_p0.05_k1
node_oracle,800,0.9625,1,2,ok,0.5,0.9625,0.9625,0.38,er,hub,0.05,1,3000,800,12.0,17.0,er_hub_p0.05_k1
node_oracle,800,0.9625,1,3,ok,0.5,0.9625,0.9625,0.38,er,hub,0.05,1,3000,800,12.0,17.0,er_hub_p0.05_k1
node_oracle,800,0.9625,1,4,ok,0.5,0.9625,0.9625,0.38,er,hub,0.05,1,3000,800,12.0,17.0,er_hub_p0.05_k1
node_oracle,800,0.9625,1,5,ok,0.5,0.9625,0.9625,0.38,er,hub,0.05,1,3000,800,12.0,17.0,er_hub_p0.05_k1
node_oracle,800,0.9625,1,6,ok,0.5,0.9625,0.9625,0.38,er,hub,0.05,1,3000,800,12.0,17.0,er_hub_p0.05_k1
node_oracle,800,0.9625,1,7,ok,0.5,0.9625,0.9625,0.38,er,hub,0.05,1,3000,800,12.0,17.0,er_hub_p0.05_k1
node_oracle,800,0.9625,1,8,ok,0.5,0.9625,0.9625,0.38,er,hub,0.05,1,3000,800,12.0,17.0,er_hub_p0.05_k1
node_oracle,800,0.9625,1,9,ok,0.5,0.9625,0.9625,0.38,er,hub,0.05,1,3000,800,12.0,17.0,er_hub_p0.05_k1
wasserstein,800,0.9975,16,0,ok,0.5,0.9958,0.9958,0.36,er,hub,0.1,1,3000,800,14.0,22.0,er_hub_p0.1_k1
wasserstein,800,0.9975,16,1,ok,0.5,0.9958,0.9958,0.36,er,hub,0.1,1,3000,800,14.0,22.0,er_hub_p0.1_k1
wasserstein,800,0.9975,16,2,ok,0.5,0.9958,0.9958,0.36,er,hub,0.1,1,3000,800,14.0,22.0,er_hub_p0.1_k1
wasserstein,800,0.9975,16,3,ok,0.5,0.9958,0.9958,0.36,er,hub,0.1,1,3000,800,14.0,22.0,er_hub_p0.1_k1
wasserstein,800,0.9975,16,4,ok,0.5,0.9958,0.9958,0.36,er,hub,0.1,1,3000,800,14.0,22.0,er_hub_p0.1_k1
wasserstein,800,0.9975,16,5,ok,0.5,0.9958,0.9958,0.36,er,hub,0.1,1,3000,800,14.0,22.0,er_hub_p0.1_k1
wasserstein,800,0.9975,16,6,ok,0.5,0.9958,0.9958,0.36,er,hub,0.1,1,3000,800,14.0,22.0,er_hub_p0.1_k1
wasserstein,800,0.9975,16,7,ok,0.5,0.9958,0.9958,0.36,er,hub,0.1,1,3000,800,14.0,22.0,er_hub_p0.1_k1
wasserstein,800,0.9975,16,8,ok,0.5,0.9958,0.9958,0.36,er,hub,0.1,1,3000,800,14.0,22.0,er_hub_p0.1_k1
wasserstein,800,0.9975,16,9,ok,0.5,0.9958,0.9958,0.36,er,hub,0.1,1,3000,800,14.0,22.0,er_hub_p0.1_k1
pooled_all,800,0.9975,99,0,ok,0.5,0.9958,0.9958,0.44,er,hub,0.1,1,3000,800,14.0,22.0,er_hub_p0.1_k1
pooled_all,800,0.9975,99,1,ok,0.5,0.9958,0.9958,0.44,er,hub,0.1,1,3000,800,14.0,22.0,er_hub_p0.1_k1
pooled_all,800,0.9975,99,2,ok,0.5,0.9958,0.9958,0.44,er,hub,0.1,1,3000,800,14.0,22.0,er_hub_p0.1_k1
pooled_all,800,0.9975,99,3,ok,0.5,0.9958,0.9958,0.44,er,hub,0.1,1,3000,800,14.0,22.0,er_hub_p0.1_k1
pooled_all,800,0.9975,99,4,ok,0.5,0.9958,0.9958,0.44,er,hub,0.1,1,3000,800,14.0,22.0,er_hub_p0.1_k1
pooled_all,800,0.9975,99,5,ok,0.5,0.9958,0.9958,0.44,er,hub,0.1,1,3000,800,14.0,22.0,er_hub_p0.1_k1
pooled_all,800,0.9975,99,6,ok,0.5,0.9958,0.9958,0.44,er,hub,0.1,1,3000,800,14.0,22.0,er_hub_p0.1_k1
pooled_all,800,0.9975,99,7,ok,0.5,0.9958,0.9958,0.44,er,hub,0.1,1,3000,800,14.0,22.0,er_hub_p0.1_k1
pooled_all,800,0.9975,99,8,ok,0.5,0.9958,0.9958,0.44,er,hub,0.1,1,3000,800,14.0,22.0,er_hub_p0.1_k1
pooled_all,800,0.9975,99,9,ok,0.5,0.9958,0.9958,0.44,er,hub,0.1,1,3000,800,14.0,22.0,er_hub_p0.1_k1
pooled_max,800,0.9975,33,0,ok,0.5,0.9958,0.9958,0.34,er,hub,0.1,1,3000,800,14.0,22.0,er_hub_p0.1_k1
pooled_max,800,0.9975,33,1,ok,0.5,0.9958,0.9958,0.34,er,hub,0.1,1,3000,800,14.0,22.0,er_hub_p0.1_k1
pooled_max,800,0.9975,33,2,ok,0.5,0.9958,0.9958,0.34,er,hub,0.1,1,3000,800,14.0,22.0,er_hub_p0.1_k1
pooled_max,800,0.9975,33,3,ok,0.5,0.9958,0.9958,0.34,er,hub,0.1,1,3000,800,14.0,22.0,er_hub_p0.1_k1
pooled_max,800,0.9975,33,4,ok,0.5,0.9958,0.9958,0.34,er,hub,0.1,1,3000,800,14.0,22.0,er_hub_p0.1_k1
pooled_max,800,0.9975,33,5,ok,0.5,0.9958,0.9958,0.34,er,hub,0.1,1,3000,800,14.0,22.0,er_hub_p0.1_k1
pooled_max,800,0.9975,33,6,ok,0.5,0.9958,0.9958,0.34,er,hub,0.1,1,3000,800,14.0,22.0,er_hub_p0.1_k1
pooled_max,800,0.9975,33,7,ok,0.5,0.9958,0.9958,0.34,er,hub,0.1,1,3000,800,14.0,22.0,er_hub_p0.1_k1
pooled_max,800,0.9975,33,8,ok,0.5,0.9958,0.9958,0.34,er,hub,0.1,1,3000,800,14.0,22.0,er_hub_p0.1_k1
pooled_max,800,0.9975,33,9,ok,0.5,0.9958,0.9958,0.34,er,hub,0.1,1,3000,800,14.0,22.0,er_hub_p0.1_k1
size_only,800,0.9975,2,0,ok,0.5,0.9958,0.9958,0.39,er,hub,0.1,1,3000,800,14.0,22.0,er_hub_p0.1_k1
size_only,800,0.9975,2,1,ok,0.5,0.9958,0.9958,0.39,er,hub,0.1,1,3000,800,14.0,22.0,er_hub_p0.1_k1
size_only,800,0.9975,2,2,ok,0.5,0.9958,0.9958,0.39,er,hub,0.1,1,3000,800,14.0,22.0,er_hub_p0.1_k1
size_only,800,0.9975,2,3,ok,0.5,0.9958,0.9958,0.39,er,hub,0.1,1,3000,800,14.0,22.0,er_hub_p0.1_k1
size_only,800,0.9975,2,4,ok,0.5,0.9958,0.9958,0.39,er,hub,0.1,1,3000,800,14.0,22.0,er_hub_p0.1_k1
size_only,800,0.9975,2,5,ok,0.5,0.9958,0.9958,0.39,er,hub,0.1,1,3000,800,14.0,22.0,er_hub_p0.1_k1
size_only,800,0.9975,2,6,ok,0.5,0.9958,0.9958,0.39,er,hub,0.1,1,3000,800,14.0,22.0,er_hub_p0.1_k1
size_only,800,0.9975,2,7,ok,0.5,0.9958,0.9958,0.39,er,hub,0.1,1,3000,800,14.0,22.0,er_hub_p0.1_k1
size_only,800,0.9975,2,8,ok,0.5,0.9958,0.9958,0.39,er,hub,0.1,1,3000,800,14.0,22.0,er_hub_p0.1_k1
size_only,800,0.9975,2,9,ok,0.5,0.9958,0.9958,0.39,er,hub,0.1,1,3000,800,14.0,22.0,er_hub_p0.1_k1
node_oracle,800,0.9975,1,0,ok,0.5,0.9958,0.9958,0.27,er,hub,0.1,1,3000,800,14.0,22.0,er_hub_p0.1_k1
node_oracle,800,0.9975,1,1,ok,0.5,0.9958,0.9958,0.27,er,hub,0.1,1,3000,800,14.0,22.0,er_hub_p0.1_k1
node_oracle,800,0.9975,1,2,ok,0.5,0.9958,0.9958,0.27,er,hub,0.1,1,3000,800,14.0,22.0,er_hub_p0.1_k1
node_oracle,800,0.9975,1,3,ok,0.5,0.9958,0.9958,0.27,er,hub,0.1,1,3000,800,14.0,22.0,er_hub_p0.1_k1
node_oracle,800,0.9975,1,4,ok,0.5,0.9958,0.9958,0.27,er,hub,0.1,1,3000,800,14.0,22.0,er_hub_p0.1_k1
node_oracle,800,0.9975,1,5,ok,0.5,0.9958,0.9958,0.27,er,hub,0.1,1,3000,800,14.0,22.0,er_hub_p0.1_k1
node_oracle,800,0.9975,1,6,ok,0.5,0.9958,0.9958,0.27,er,hub,0.1,1,3000,800,14.0,22.0,er_hub_p0.1_k1
node_oracle,800,0.9975,1,7,ok,0.5,0.9958,0.9958,0.27,er,hub,0.1,1,3000,800,14.0,22.0,er_hub_p0.1_k1
node_oracle,800,0.9975,1,8,ok,0.5,0.9958,0.9958,0.27,er,hub,0.1,1,3000,800,14.0,22.0,er_hub_p0.1_k1
node_oracle,800,0.9975,1,9,ok,0.5,0.9958,0.9958,0.27,er,hub,0.1,1,3000,800,14.0,22.0,er_hub_p0.1_k1
wasserstein,800,0.0112,16,0,ok,0.9873,0.7143,0.9875,0.36,er,tail,0.005,1,3000,800,9.0,12.0,er_tail_p0.005_k1
wasserstein,800,0.0112,16,1,ok,0.7089,0.3934,0.9875,0.36,er,tail,0.005,1,3000,800,9.0,12.0,er_tail_p0.005_k1
wasserstein,800,0.0112,16,2,ok,0.6871,0.4486,0.9875,0.36,er,tail,0.005,1,3000,800,9.0,12.0,er_tail_p0.005_k1
wasserstein,800,0.0112,16,3,ok,0.6519,0.0875,0.9875,0.36,er,tail,0.005,1,3000,800,9.0,12.0,er_tail_p0.005_k1
wasserstein,800,0.0112,16,4,ok,0.4719,0.1769,0.9875,0.36,er,tail,0.005,1,3000,800,9.0,12.0,er_tail_p0.005_k1
wasserstein,800,0.0112,16,5,ok,0.4437,0.1188,0.9833,0.36,er,tail,0.005,1,3000,800,9.0,12.0,er_tail_p0.005_k1
wasserstein,800,0.0112,16,6,ok,0.4191,0.0221,0.9875,0.36,er,tail,0.005,1,3000,800,9.0,12.0,er_tail_p0.005_k1
wasserstein,800,0.0112,16,7,ok,0.6758,0.1986,0.9875,0.36,er,tail,0.005,1,3000,800,9.0,12.0,er_tail_p0.005_k1
wasserstein,800,0.0112,16,8,ok,0.6702,0.1456,0.9833,0.36,er,tail,0.005,1,3000,800,9.0,12.0,er_tail_p0.005_k1
wasserstein,800,0.0112,16,9,ok,0.507,0.342,0.9875,0.36,er,tail,0.005,1,3000,800,9.0,12.0,er_tail_p0.005_k1
pooled_all,800,0.0112,99,0,ok,0.6892,0.6711,0.9875,0.74,er,tail,0.005,1,3000,800,9.0,12.0,er_tail_p0.005_k1
pooled_all,800,0.0112,99,1,ok,0.6786,0.4486,0.9875,0.74,er,tail,0.005,1,3000,800,9.0,12.0,er_tail_p0.005_k1
pooled_all,800,0.0112,99,2,ok,0.6864,0.4488,0.9875,0.74,er,tail,0.005,1,3000,800,9.0,12.0,er_tail_p0.005_k1
pooled_all,800,0.0112,99,3,ok,0.711,0.4492,0.9875,0.74,er,tail,0.005,1,3000,800,9.0,12.0,er_tail_p0.005_k1
pooled_all,800,0.0112,99,4,ok,0.488,0.1755,0.9875,0.74,er,tail,0.005,1,3000,800,9.0,12.0,er_tail_p0.005_k1
pooled_all,800,0.0112,99,5,ok,0.5183,0.1202,0.9833,0.74,er,tail,0.005,1,3000,800,9.0,12.0,er_tail_p0.005_k1
pooled_all,800,0.0112,99,6,ok,0.3706,0.0173,0.9875,0.74,er,tail,0.005,1,3000,800,9.0,12.0,er_tail_p0.005_k1
pooled_all,800,0.0112,99,7,ok,0.4817,0.1752,0.9875,0.74,er,tail,0.005,1,3000,800,9.0,12.0,er_tail_p0.005_k1
pooled_all,800,0.0112,99,8,ok,0.5105,0.1207,0.9833,0.74,er,tail,0.005,1,3000,800,9.0,12.0,er_tail_p0.005_k1
pooled_all,800,0.0112,99,9,ok,0.5598,0.343,0.9875,0.74,er,tail,0.005,1,3000,800,9.0,12.0,er_tail_p0.005_k1
pooled_max,800,0.0112,33,0,ok,0.9873,0.7143,0.9875,0.52,er,tail,0.005,1,3000,800,9.0,12.0,er_tail_p0.005_k1
pooled_max,800,0.0112,33,1,ok,0.7053,0.4489,0.9875,0.52,er,tail,0.005,1,3000,800,9.0,12.0,er_tail_p0.005_k1
pooled_max,800,0.0112,33,2,ok,0.7131,0.4488,0.9875,0.52,er,tail,0.005,1,3000,800,9.0,12.0,er_tail_p0.005_k1
pooled_max,800,0.0112,33,3,ok,0.7236,0.4489,0.9875,0.52,er,tail,0.005,1,3000,800,9.0,12.0,er_tail_p0.005_k1
pooled_max,800,0.0112,33,4,ok,0.4325,0.1762,0.9875,0.52,er,tail,0.005,1,3000,800,9.0,12.0,er_tail_p0.005_k1
pooled_max,800,0.0112,33,5,ok,0.5225,0.12,0.9833,0.52,er,tail,0.005,1,3000,800,9.0,12.0,er_tail_p0.005_k1
pooled_max,800,0.0112,33,6,ok,0.4691,0.0225,0.9875,0.52,er,tail,0.005,1,3000,800,9.0,12.0,er_tail_p0.005_k1
pooled_max,800,0.0112,33,7,ok,0.6941,0.1988,0.9875,0.52,er,tail,0.005,1,3000,800,9.0,12.0,er_tail_p0.005_k1
pooled_max,800,0.0112,33,8,ok,0.7089,0.1459,0.9833,0.52,er,tail,0.005,1,3000,800,9.0,12.0,er_tail_p0.005_k1
pooled_max,800,0.0112,33,9,ok,0.5654,0.343,0.9875,0.52,er,tail,0.005,1,3000,800,9.0,12.0,er_tail_p0.005_k1
size_only,800,0.0112,2,0,ok,0.3122,0.0124,0.9875,0.35,er,tail,0.005,1,3000,800,9.0,12.0,er_tail_p0.005_k1
size_only,800,0.0112,2,1,ok,0.2504,0.0115,0.9875,0.35,er,tail,0.005,1,3000,800,9.0,12.0,er_tail_p0.005_k1
size_only,800,0.0112,2,2,ok,0.2771,0.0116,0.9875,0.35,er,tail,0.005,1,3000,800,9.0,12.0,er_tail_p0.005_k1
size_only,800,0.0112,2,3,ok,0.2954,0.0119,0.9875,0.35,er,tail,0.005,1,3000,800,9.0,12.0,er_tail_p0.005_k1
size_only,800,0.0112,2,4,ok,0.4437,0.0211,0.9875,0.35,er,tail,0.005,1,3000,800,9.0,12.0,er_tail_p0.005_k1
size_only,800,0.0112,2,5,ok,0.4086,0.0189,0.9875,0.35,er,tail,0.005,1,3000,800,9.0,12.0,er_tail_p0.005_k1
size_only,800,0.0112,2,6,ok,0.3488,0.0109,0.9875,0.35,er,tail,0.005,1,3000,800,9.0,12.0,er_tail_p0.005_k1
size_only,800,0.0112,2,7,ok,0.507,0.0239,0.9875,0.35,er,tail,0.005,1,3000,800,9.0,12.0,er_tail_p0.005_k1
size_only,800,0.0112,2,8,ok,0.5267,0.019,0.9875,0.35,er,tail,0.005,1,3000,800,9.0,12.0,er_tail_p0.005_k1
size_only,800,0.0112,2,9,ok,0.4641,0.021,0.9875,0.35,er,tail,0.005,1,3000,800,9.0,12.0,er_tail_p0.005_k1
node_oracle,800,0.0112,1,0,ok,1.0,1.0,1.0,0.35,er,tail,0.005,1,3000,800,9.0,12.0,er_tail_p0.005_k1
node_oracle,800,0.0112,1,1,ok,0.9916,0.4333,0.9833,0.35,er,tail,0.005,1,3000,800,9.0,12.0,er_tail_p0.005_k1
node_oracle,800,0.0112,1,2,ok,0.9873,0.5,0.9875,0.35,er,tail,0.005,1,3000,800,9.0,12.0,er_tail_p0.005_k1
node_oracle,800,0.0112,1,3,ok,0.9916,0.6,0.9917,0.35,er,tail,0.005,1,3000,800,9.0,12.0,er_tail_p0.005_k1
node_oracle,800,0.0112,1,4,ok,0.9937,0.5,0.9875,0.35,er,tail,0.005,1,3000,800,9.0,12.0,er_tail_p0.005_k1
node_oracle,800,0.0112,1,5,ok,0.9895,0.5278,0.9875,0.35,er,tail,0.005,1,3000,800,9.0,12.0,er_tail_p0.005_k1
node_oracle,800,0.0112,1,6,ok,0.9979,0.8333,0.9958,0.35,er,tail,0.005,1,3000,800,9.0,12.0,er_tail_p0.005_k1
node_oracle,800,0.0112,1,7,ok,0.9986,0.8667,0.9917,0.35,er,tail,0.005,1,3000,800,9.0,12.0,er_tail_p0.005_k1
node_oracle,800,0.0112,1,8,ok,0.9958,0.75,0.9958,0.35,er,tail,0.005,1,3000,800,9.0,12.0,er_tail_p0.005_k1
node_oracle,800,0.0112,1,9,ok,0.9979,0.8056,0.9917,0.35,er,tail,0.005,1,3000,800,9.0,12.0,er_tail_p0.005_k1
