selected_features,accuracy_contribution,accuracy_contribution_std,run
self_walk_2,0.5292781832927818,0.015665830668088673,0
basic_expansion_2,0.5980535279805352,0.01583704397444428,0
self_walk_3,0.6479589078129223,0.01892202515121938,0
lsme_1,0.6495268991619356,0.0297879102425402,0
closeness_centrality_1,0.6784806704514733,0.016740365772901347,0
self_walk_1,0.6659908083265748,0.027280107468670996,0
degree_centrality_3,0.6733711814003785,0.02273097184912119,0
eigenvector_centrality_0,0.6779940524466073,0.019096824398232244,0
closeness_centrality_3,0.6888077858880778,0.018540685245105944,0
page_rank_3,0.6949175452825087,0.013746234247104899,0
eigenvector_centrality_1,0.6925655582589889,0.016907506525910335,0
eigenvector_centrality_2,0.6994322789943227,0.014957000076131566,0
degree_centrality_2,0.7085428494187619,0.010471364467434064,0
self_walk_0,0.7162746688294133,0.011179440609730504,0
load_centrality_1,0.7210327115436604,0.010332245024388313,0
basic_expansion_0,0.7218707758853744,0.008879286843134769,0
page_rank_0,0.7234387672343875,0.015017566233507756,0
lsme_0,0.7231413895647473,0.013873881988442045,0
lsme_2,0.718464449851311,0.01340979251158086,0
closeness_centrality_2,0.7189781021897812,0.014632668647001173,0
closeness_centrality_0,0.7167612868342794,0.01318546791964426,0
basic_expansion_1,0.724493106244931,0.012089789049931724,0
page_rank_2,0.7202216815355501,0.011042094052256332,0
lsme_3,0.7193025141930252,0.014806351835138927,0
load_centrality_3,0.7266558529332251,0.013859651497234077,0
degree_centrality_0,0.72860232495269,0.012563521212713381,0
degree_centrality_1,0.7261962692619626,0.011529945197517436,0
page_rank_1,0.7227899432278995,0.011316508755240054,0
load_centrality_2,0.721492295214923,0.013068409167597342,0
eigenvector_centrality_3,0.7278183292781831,0.010357925418229023,0
load_centrality_0,0.7307921059745877,0.009886437687249016,0
basic_expansion_3,0.7315220329818872,0.011964609307247024,0
self_walk_1,0.5737496620708299,0.020817507687776227,1
basic_expansion_2,0.575669099756691,0.0159897056625246,1
page_rank_2,0.6172208705055421,0.012532068530511342,1
degree_centrality_3,0.6374966207082997,0.017782941342051314,1
self_walk_0,0.6670992160043254,0.012532505913875868,1
basic_expansion_3,0.6895106785617734,0.015181770254650031,1
basic_expansion_0,0.6856718031900514,0.015429027333172187,1
lsme_0,0.695133819951338,0.012221821275130784,1
eigenvector_centrality_1,0.6989997296566638,0.012054524170266695,1
basic_expansion_1,0.7051365233846987,0.011662456102638974,1
self_walk_2,0.7031630170316302,0.010881109379561016,1
closeness_centrality_3,0.7125979994593133,0.01123695336413035,1
eigenvector_centrality_2,0.7188158961881591,0.012376558856501262,1
degree_centrality_1,0.7139226818058936,0.014070740864286422,1
lsme_2,0.7156528791565289,0.013254986422903499,1
closeness_centrality_2,0.7174371451743714,0.011624637707814382,1
closeness_centrality_1,0.7158150851581507,0.013389939231484913,1
eigenvector_centrality_3,0.7214652608813191,0.012164879383445975,1
page_rank_1,0.7216274668829413,0.013342504969544467,1
load_centrality_3,0.7210867802108677,0.013036072277468063,1
lsme_3,0.723330629899973,0.009989689260778367,1
lsme_1,0.7238983509056502,0.013993786884664846,1
page_rank_0,0.7220329818869964,0.010275749847136167,1
load_centrality_0,0.7186807245201405,0.010501159697871151,1
load_centrality_2,0.7244931062449311,0.013909657238488433,1
load_centrality_1,0.7306028656393619,0.010224733793071122,1
degree_centrality_2,0.726682887266829,0.009659999538957463,1
page_rank_3,0.7273587456069208,0.01145263844197539,1
self_walk_3,0.7306569343065693,0.00819461445245077,1
eigenvector_centrality_0,0.730683968640173,0.011587484313246514,1
degree_centrality_0,0.7374695863746958,0.012385413424123482,1
closeness_centrality_0,0.7293863206271968,0.012936430040144763,1
closeness_centrality_0,0.5304947283049474,0.01706680285322326,2
lsme_3,0.5881048932143823,0.012694167025074043,2
eigenvector_centrality_2,0.6245201405785348,0.013799405414141694,2
basic_expansion_1,0.6391727493917275,0.012227202019106846,2
self_walk_2,0.6593944309272775,0.012537316123805918,2
closeness_centrality_3,0.6720735333874021,0.012900788527833582,2
lsme_2,0.6732900783995674,0.010591284594335726,2
closeness_centrality_1,0.6756420654230875,0.015757004882887345,2
self_walk_3,0.6867261422005947,0.014069182533405984,2
degree_centrality_2,0.6915923222492567,0.012562561324861945,2
load_centrality_0,0.6953230602865641,0.01387522522498571,2
degree_centrality_0,0.7005677210056772,0.01176487483766386,2
basic_expansion_3,0.7073533387402001,0.01223210241404833,2
eigenvector_centrality_3,0.7112192484455261,0.01310415250290105,2
basic_expansion_2,0.7205190592051907,0.009597607261954265,2
page_rank_1,0.722681805893485,0.01205670662102501,2
lsme_1,0.7196539605298731,0.01141476516965809,2
self_walk_0,0.7209245742092458,0.009944850709054863,2
page_rank_2,0.7165990808326576,0.010944765737676368,2
page_rank_0,0.7210867802108678,0.008205309943611516,2
closeness_centrality_2,0.7227358745606921,0.012460569838718535,2
eigenvector_centrality_0,0.7233035955663694,0.010299513437308578,2
load_centrality_3,0.7285212219518791,0.00991522653269737,2
degree_centrality_3,0.7254933765882668,0.011587105870208197,2
eigenvector_centrality_1,0.7268721276020547,0.009232175448338513,2
load_centrality_1,0.7323330629899972,0.010158904025735141,2
degree_centrality_1,0.7314949986482833,0.013515977238816694,2
page_rank_3,0.7291700459583671,0.011200699936941073,2
basic_expansion_0,0.7313868613138688,0.012815642882059074,2
load_centrality_2,0.7300351446336848,0.012311875995593516,2
self_walk_1,0.7309813463098133,0.00899756072039291,2
lsme_0,0.7306298999729656,0.013869535331881405,2
closeness_centrality_3,0.5349013246823466,0.0142315675389032,3
basic_expansion_1,0.5803190051365235,0.01492784887004396,3
eigenvector_centrality_0,0.6265747499324141,0.015195628340294852,3
page_rank_2,0.6515815085158151,0.012318760040512987,3
load_centrality_0,0.6680183833468505,0.012110053802796129,3
lsme_2,0.6606920789402542,0.012354098881806793,3
basic_expansion_2,0.6894295755609624,0.015812566374358183,3
lsme_3,0.6967829143011623,0.011943057521577908,3
lsme_0,0.6912408759124086,0.009007302824018537,3
load_centrality_1,0.7131386861313869,0.008807925290536549,3
page_rank_3,0.7091376047580429,0.010425197597866398,3
page_rank_1,0.7108137334414707,0.013073581237844526,3
closeness_centrality_0,0.7088402270884023,0.011954556642403556,3
degree_centrality_3,0.7136253041362531,0.013353455767690875,3
closeness_centrality_1,0.7105974587726414,0.010655266304411532,3
degree_centrality_1,0.7077047850770479,0.010334614387675738,3
basic_expansion_3,0.712949445796161,0.010907139173955974,3
self_walk_2,0.7208434712084347,0.010918122799432089,3
degree_centrality_0,0.718140037848067,0.012315437188913725,3
self_walk_3,0.7213841578805085,0.012229682342444629,3
eigenvector_centrality_2,0.7236280075696134,0.010090037626049786,3
degree_centrality_2,0.7213030548796973,0.013095030476140468,3
basic_expansion_0,0.7220600162206,0.011510056040328245,3
page_rank_0,0.7228440118951067,0.01276856503769146,3
self_walk_1,0.7214652608813193,0.009333738260089746,3
lsme_1,0.7201676128683429,0.012345221853957962,3
load_centrality_3,0.7278723979453905,0.011473009358977777,3
eigenvector_centrality_1,0.7306569343065694,0.012212848100390864,3
self_walk_0,0.727169505271695,0.012137663138502676,3
closeness_centrality_2,0.7274398486077318,0.012165329968467354,3
eigenvector_centrality_3,0.7281697756150312,0.010649091326639878,3
load_centrality_2,0.7344687753446877,0.011833999693153347,3
closeness_centrality_0,0.5306028656393619,0.012078055615735994,4
load_centrality_1,0.6004595836712622,0.012447806180064637,4
page_rank_2,0.6317923763179238,0.01335123895632954,4
closeness_centrality_2,0.6400919167342526,0.01720286649848358,4
load_centrality_2,0.6707488510408217,0.012779807479487358,4
lsme_3,0.667558799675588,0.012312974140029196,4
self_walk_1,0.6690186536901864,0.013396078345596989,4
lsme_0,0.6776426061097595,0.008859015412985572,4
load_centrality_0,0.6863476615301435,0.011967266198964892,4
basic_expansion_3,0.7024330900243309,0.011187805471851971,4
eigenvector_centrality_2,0.7019735063530684,0.013388520013534064,4
page_rank_3,0.6990808326574752,0.012064978160496818,4
eigenvector_centrality_3,0.7111922141119221,0.014537359408684149,4
self_walk_3,0.7145444714787781,0.010109141943667275,4
basic_expansion_0,0.7176804541768045,0.010928058814625639,4
basic_expansion_1,0.7195458231954582,0.012042999128043392,4
degree_centrality_2,0.7201135442011355,0.011888991767923953,4
degree_centrality_0,0.7210597458772641,0.011741618298226054,4
self_walk_0,0.7258988915923223,0.01189845488529201,4
lsme_1,0.7249526899161935,0.012560466769471297,4
page_rank_0,0.7252230332522303,0.010898022405346843,4
eigenvector_centrality_1,0.7257637199243039,0.010492804665759211,4
self_walk_2,0.7285212219518787,0.010999220212988508,4
eigenvector_centrality_0,0.7243309002433089,0.010039206244736048,4
basic_expansion_2,0.7327656123276561,0.013263502528597608,4
lsme_2,0.7324952689916192,0.01227861814576312,4
load_centrality_3,0.7337658826709921,0.012251535258842742,4
page_rank_1,0.7316572046499051,0.01176922256026164,4
degree_centrality_3,0.7334955393349554,0.012692209354849382,4
closeness_centrality_1,0.7309002433090025,0.01275905988690191,4
closeness_centrality_3,0.7314949986482835,0.011319479187896274,4
degree_centrality_1,0.7279264666125979,0.010916783924569675,4
self_walk_2,0.5202216815355502,0.01454992254872701,5
basic_expansion_0,0.5648012976480129,0.015166622568928513,5
self_walk_0,0.5943227899432278,0.015442829178150078,5
eigenvector_centrality_1,0.6476344958096781,0.013115525217778852,5
self_walk_1,0.6311705866450392,0.02319194476283138,5
page_rank_3,0.6640443363071101,0.014552936088541113,5
degree_centrality_1,0.6724249797242497,0.01598277942194574,5
load_centrality_1,0.6921870775885374,0.012811079800295055,5
closeness_centrality_1,0.6891862665585295,0.014217617952538671,5
basic_expansion_1,0.6959989186266559,0.01243300155549674,5
lsme_0,0.6899432278994323,0.01317459938761543,5
self_walk_3,0.6966747769667478,0.012058646245654833,5
degree_centrality_3,0.6989997296566641,0.01403922903778926,5
basic_expansion_2,0.715463638821303,0.01032715082179727,5
eigenvector_centrality_2,0.7228169775615032,0.01095077399033627,5
page_rank_0,0.7223573938902405,0.010686600606361415,5
load_centrality_3,0.7306028656393619,0.010706585954823326,5
lsme_1,0.7306569343065693,0.012594663236054317,5
lsme_3,0.7252230332522304,0.011182022621456726,5
degree_centrality_2,0.7267099216004326,0.012447806180064651,5
eigenvector_centrality_3,0.7300081103000812,0.015883700564261034,5
closeness_centrality_3,0.7290619086239526,0.015827811591345282,5
degree_centrality_0,0.7296566639632334,0.011383990640051508,5
page_rank_2,0.7306839686401728,0.013953383105885939,5
closeness_centrality_0,0.7331440929981077,0.01135535340337171,5
closeness_centrality_2,0.7297107326304407,0.013234017346383365,5
lsme_2,0.7279535009462016,0.013251815601045595,5
load_centrality_0,0.7254663422546634,0.010337053910582955,5
page_rank_1,0.7259529602595295,0.011833536492091146,5
load_centrality_2,0.7261151662611515,0.010763909278403325,5
basic_expansion_3,0.7294133549608003,0.010962380608003315,5
eigenvector_centrality_0,0.7351716680183834,0.011330708128467468,5
load_centrality_1,0.5432278994322791,0.013641065048562391,6
lsme_3,0.569802649364693,0.012757828280088798,6
eigenvector_centrality_2,0.6181670721816707,0.009847476350842712,6
page_rank_0,0.6328467153284671,0.012902176426648282,6
page_rank_1,0.6446607191132739,0.013228714636246561,6
basic_expansion_3,0.6728575290619089,0.012676450627700925,6
closeness_centrality_0,0.6871586915382536,0.01495602276909419,6
self_walk_3,0.6924844552581779,0.016255819204205615,6
degree_centrality_2,0.6915112192484456,0.012497028263605664,6
closeness_centrality_1,0.6964044336307109,0.011468421888095288,6
self_walk_0,0.7039199783725331,0.012111140074063179,6
degree_centrality_1,0.6993511759935117,0.012499952037535912,6
eigenvector_centrality_0,0.7014598540145985,0.010914005235232888,6
self_walk_2,0.7106244931062449,0.011113182892431892,6
load_centrality_2,0.717896728845634,0.008682399375904974,6
page_rank_2,0.7142741281427412,0.011248004786334097,6
eigenvector_centrality_1,0.7146255744795892,0.012003487670116567,6
basic_expansion_1,0.7169775615031089,0.011089647088044025,6
lsme_0,0.7197080291970804,0.00932414126799254,6
closeness_centrality_3,0.7238172479048389,0.01101276687362083,6
basic_expansion_0,0.7179507975128413,0.01186930402062358,6
page_rank_3,0.7219518788861855,0.010214006294356417,6
lsme_2,0.7181941065152745,0.013867954391715558,6
basic_expansion_2,0.7273857799405246,0.008440775300463004,6
load_centrality_0,0.7320627196539606,0.012142870517806896,6
eigenvector_centrality_3,0.7304136253041363,0.011774561850287062,6
lsme_1,0.7297918356312516,0.01190140289024345,6
degree_centrality_3,0.7316572046499056,0.011671946344529668,6
closeness_centrality_2,0.7277642606109759,0.01169184140213075,6
degree_centrality_0,0.7285482562854824,0.009587435883388264,6
self_walk_1,0.7268991619356583,0.011241732812207784,6
load_centrality_3,0.7297107326304406,0.00976818973141196,6
page_rank_3,0.5522573668559069,0.014253427771562023,7
basic_expansion_3,0.5961340902946742,0.016171164642456316,7
lsme_0,0.6174641795079752,0.014706776870996629,7
closeness_centrality_2,0.6472019464720195,0.011971052013957189,7
lsme_2,0.650581238172479,0.01120686444590741,7
basic_expansion_1,0.6655312246553122,0.011060181682488845,7
load_centrality_1,0.6723979453906462,0.011286502416070014,7
eigenvector_centrality_3,0.6984320086509868,0.01223747863747178,7
degree_centrality_0,0.7025412273587456,0.010448726221148723,7
self_walk_1,0.6928359015950256,0.010973275638703647,7
load_centrality_2,0.7080291970802918,0.011366000351244028,7
self_walk_0,0.7092187077588539,0.012745878385132501,7
eigenvector_centrality_1,0.7173830765071642,0.014149678268404815,7
closeness_centrality_3,0.7157069478237363,0.012218920669497781,7
eigenvector_centrality_0,0.7192484455258178,0.011578303582496717,7
lsme_1,0.7149770208164369,0.012516662898365536,7
basic_expansion_0,0.7179507975128413,0.00937592627513302,7
page_rank_2,0.7180589348472561,0.012863599553831808,7
degree_centrality_2,0.7137604758042714,0.012746222423561762,7
page_rank_0,0.7138686131386862,0.01236282174357906,7
degree_centrality_3,0.7183563125168965,0.012111140074063186,7
eigenvector_centrality_2,0.716977561503109,0.010225591506793743,7
load_centrality_0,0.719248445525818,0.0105248309908946,7
basic_expansion_2,0.7264666125979993,0.011666685381764998,7
self_walk_3,0.7275479859421466,0.011255377195025272,7
load_centrality_3,0.7347931873479321,0.010222410457010625,7
degree_centrality_1,0.7308461746417951,0.01313223190680967,7
page_rank_1,0.732197891321979,0.010143604760976484,7
self_walk_2,0.7324141659908082,0.0090019053773549,7
lsme_3,0.7301703163017034,0.011965830939922133,7
closeness_centrality_1,0.7359015950256825,0.013304325929302583,7
closeness_centrality_0,0.7302784536361178,0.012272545339497053,7
closeness_centrality_1,0.5284130846174642,0.012281564160708898,8
page_rank_2,0.6026493646931604,0.013720450331307638,8
page_rank_3,0.6294944579616113,0.015262431703853213,8
degree_centrality_1,0.6417680454176805,0.01617613532448266,8
self_walk_2,0.6661530143281968,0.01510561382647599,8
load_centrality_3,0.692889970262233,0.011523731541469098,8
page_rank_0,0.6879697215463636,0.012578259372637792,8
self_walk_1,0.6914301162476345,0.013569081167890924,8
degree_centrality_2,0.6878886185455529,0.014402095617007764,8
load_centrality_0,0.6939172749391728,0.01164160056188037,8
basic_expansion_0,0.6927277642606111,0.010077099979213185,8
lsme_2,0.6963233306298998,0.013291465239115067,8
lsme_0,0.7021897810218979,0.013565310317635075,8
basic_expansion_2,0.703947012706137,0.009335617331336277,8
lsme_3,0.7059475533928087,0.012079870809260151,8
eigenvector_centrality_0,0.7067045147337118,0.010446207832060224,8
eigenvector_centrality_2,0.7115166261151663,0.010084531189187953,8
closeness_centrality_2,0.7099216004325493,0.010585590122959761,8
load_centrality_2,0.7185725871857259,0.013316707705935956,8
closeness_centrality_3,0.7158961881589618,0.01345291569456901,8
basic_expansion_3,0.7173290078399568,0.010828052158406905,8
closeness_centrality_0,0.717734522844012,0.011368861424816967,8
eigenvector_centrality_1,0.7162206001622061,0.01506326771310157,8
lsme_1,0.718140037848067,0.012023563559705625,8
degree_centrality_3,0.7175723168423898,0.014421265016899205,8
eigenvector_centrality_3,0.7184374155177077,0.013498364863542217,8
degree_centrality_0,0.7128413084617463,0.015084479854830543,8
self_walk_0,0.7190051365233848,0.011660669946446366,8
page_rank_1,0.7221411192214112,0.013105267911302832,8
self_walk_3,0.7270613679372805,0.011797133946303521,8
basic_expansion_1,0.7270343336036765,0.012481579382403749,8
load_centrality_1,0.7288997026223304,0.011936079254915515,8
load_centrality_0,0.5364693160313598,0.01461615190294961,9
page_rank_2,0.6045147337118142,0.011887393355471457,9
self_walk_3,0.6253311705866449,0.011927902147611207,9
degree_centrality_2,0.6335766423357664,0.015722830026259856,9
lsme_2,0.64382265477156,0.012134923099928063,9
basic_expansion_3,0.6683157610164909,0.009724434308388857,9
basic_expansion_2,0.6949986482833197,0.011406310451122365,9
page_rank_0,0.6918085969180859,0.011037161937520842,9
self_walk_0,0.7103000811030008,0.010406076536051401,9
closeness_centrality_3,0.7093268450932685,0.013904060282379406,9
eigenvector_centrality_2,0.7137064071370641,0.012861071003968903,9
degree_centrality_3,0.7189510678561775,0.009936873756288857,9
load_centrality_3,0.7200324412003244,0.011185943524351318,9
eigenvector_centrality_1,0.7221411192214113,0.011176531046540318,9
page_rank_1,0.7264395782643956,0.010806600783658797,9
eigenvector_centrality_0,0.7225736685590699,0.014244195146427665,9
closeness_centrality_1,0.7221411192214112,0.011139195272272114,9
degree_centrality_1,0.7204109218707758,0.010657015230954265,9
basic_expansion_0,0.7195728575290619,0.011566177650987056,9
lsme_1,0.7178967288456339,0.010710680904182868,9
basic_expansion_1,0.7211408488780753,0.013701500620420247,9
eigenvector_centrality_3,0.7259799945931332,0.013232029079111472,9
self_walk_1,0.7251419302514192,0.013925726116457664,9
degree_centrality_0,0.7216274668829413,0.008789318790272211,9
load_centrality_2,0.7292511489591782,0.01017744822064399,9
self_walk_2,0.7333333333333332,0.009114380105198367,9
closeness_centrality_0,0.7300351446336847,0.009547522356139473,9
closeness_centrality_2,0.7309813463098135,0.011914414520147205,9
lsme_0,0.7216004325493375,0.011832764450026794,9
lsme_3,0.7298188699648555,0.011878629005806583,9
load_centrality_1,0.7307380373073805,0.010885138674044444,9
page_rank_3,0.7287915652879157,0.012119585527060309,9
degree_centrality_0,0.5596107055961071,0.021239078192501402,10
lsme_3,0.5892133008921331,0.01008148686799022,10
closeness_centrality_1,0.6193295485266288,0.013562212049164276,10
self_walk_1,0.6132468234658017,0.010366671165690402,10
eigenvector_centrality_2,0.6416058394160584,0.013999530689132574,10
load_centrality_0,0.6573398215733982,0.009322142284401069,10
basic_expansion_2,0.6857529061908624,0.011266670023107836,10
closeness_centrality_0,0.6807785888077861,0.013095225815441338,10
self_walk_0,0.6952689916193566,0.011288444892878627,10
self_walk_3,0.7010543390105433,0.013330859889936798,10
basic_expansion_0,0.7004866180048663,0.012908972143078373,10
load_centrality_3,0.7128142741281427,0.012983828008859983,10
eigenvector_centrality_0,0.7151662611516625,0.011646872855615088,10
lsme_0,0.712787239794539,0.010191764494240146,10
basic_expansion_3,0.7179237631792377,0.009726500894659247,10
self_walk_2,0.718058934847256,0.00842972832294083,10
page_rank_3,0.7260881319275482,0.010885004388258396,10
page_rank_0,0.7206271965396055,0.015453237502562923,10
eigenvector_centrality_3,0.7231143552311436,0.01131883350797904,10
load_centrality_2,0.7337388483373886,0.011420174184578942,10
page_rank_2,0.7329007839956745,0.01274174919941289,10
degree_centrality_2,0.7287374966207082,0.01101674801545027,10
load_centrality_1,0.732360097323601,0.01050171646366858,10
lsme_1,0.7345228440118952,0.010745935071290508,10
degree_centrality_1,0.7349283590159502,0.012131308916104654,10
degree_centrality_3,0.7300892133008922,0.009553644329360716,10
closeness_centrality_3,0.7314949986482834,0.008871875839294373,10
basic_expansion_1,0.7327115436604487,0.011860064138779875,10
lsme_2,0.73279264666126,0.013342587133981891,10
page_rank_1,0.7307380373073805,0.011110420431486625,10
closeness_centrality_2,0.7307380373073805,0.008659430861339258,10
eigenvector_centrality_1,0.7272776426061095,0.013910891944311957,10
eigenvector_centrality_2,0.5456880237902136,0.012519115062478069,11
basic_expansion_1,0.6032981886996486,0.012083591103525592,11
page_rank_0,0.6339821573398214,0.014600267237358763,11
load_centrality_1,0.6629629629629631,0.012331360930283919,11
basic_expansion_2,0.7030819140308192,0.012658911507667448,11
page_rank_2,0.7027034333603677,0.013866294210549492,11
closeness_centrality_2,0.7043795620437956,0.01091681739844247,11
closeness_centrality_0,0.7075155447418221,0.012460129930208652,11
self_walk_2,0.7171938361719383,0.011797908319988847,11
closeness_centrality_1,0.7151121924844551,0.011570442122291651,11
load_centrality_3,0.7258177885915112,0.009850889764797834,11
closeness_centrality_3,0.7229521492295216,0.010811570478464438,11
load_centrality_2,0.7246012435793457,0.012199076413165843,11
eigenvector_centrality_0,0.7287915652879157,0.010691250105866289,11
self_walk_3,0.7353609083536091,0.011529089433582072,11
lsme_0,0.7296025952960258,0.012225857055124916,11
page_rank_1,0.7302784536361178,0.011699996093078605,11
degree_centrality_2,0.7314949986482835,0.00905533153883015,11
lsme_3,0.7342525006758582,0.009847327914700152,11
basic_expansion_0,0.7341713976750474,0.010195958687817502,11
degree_centrality_3,0.728683427953501,0.015043434631212535,11
eigenvector_centrality_3,0.7332251959989187,0.010159875200725619,11
lsme_2,0.734522844011895,0.01013697391687086,11
eigenvector_centrality_1,0.7301973506353069,0.009519003460294433,11
page_rank_3,0.7302243849689105,0.01169774709096287,11
degree_centrality_0,0.7265477155988105,0.014239807552472167,11
degree_centrality_1,0.7278994322789941,0.010400491473887628,11
self_walk_1,0.7276831576101647,0.010740526736647573,11
self_walk_0,0.7303325223033252,0.012644007247671257,11
basic_expansion_3,0.7317383076507166,0.011690622396606433,11
lsme_1,0.7278453636117868,0.01072213844231683,11
load_centrality_0,0.7298459042984591,0.010263829618184991,11
load_centrality_0,0.5375236550419032,0.013705660606535755,12
load_centrality_3,0.5949986482833197,0.011979260677015565,12
degree_centrality_1,0.6574479589078127,0.012238195288816884,12
load_centrality_1,0.6883482022168155,0.013478614934529658,12
closeness_centrality_2,0.695214922952149,0.011144705244478187,12
page_rank_2,0.6948905109489051,0.009565112468232917,12
closeness_centrality_0,0.6917545282508786,0.009378848951562992,12
eigenvector_centrality_0,0.6954311976209786,0.014676033146400471,12
basic_expansion_0,0.6970532576371992,0.013286598015796717,12
basic_expansion_3,0.7040281157069478,0.01185312950057742,12
degree_centrality_2,0.704758042714247,0.013877042338064104,12
self_walk_2,0.7143552311435525,0.010598148401569916,12
closeness_centrality_1,0.710705596107056,0.012337523263327961,12
page_rank_0,0.7093538794268722,0.012387773573242684,12
lsme_2,0.7142200594755338,0.013432255608727862,12
eigenvector_centrality_3,0.7184644498513111,0.011688840544468598,12
self_walk_1,0.7173019735063532,0.010701669947263898,12
lsme_0,0.7200594755339281,0.014112983794362547,12
page_rank_3,0.7138415788050826,0.012639382201999437,12
closeness_centrality_3,0.7178426601784266,0.010610450737161978,12
degree_centrality_3,0.7166531494998648,0.00943374294988481,12
lsme_3,0.718248175182482,0.009413073898914307,12
basic_expansion_2,0.7213841578805081,0.011887854458042793,12
eigenvector_centrality_2,0.7172749391727493,0.01343571022863183,12
self_walk_0,0.7221681535550147,0.009217914929054308,12
basic_expansion_1,0.7232224925655582,0.011471480405854722,12
page_rank_1,0.7260340632603405,0.010512984626924345,12
eigenvector_centrality_1,0.7263855095971884,0.012918027537231064,12
load_centrality_2,0.7318194106515273,0.010424882122010723,12
lsme_1,0.726412543930792,0.010564857080683405,12
degree_centrality_0,0.7310894836442281,0.012301097109431725,12
self_walk_3,0.7290348742903486,0.010804977531123864,12
closeness_centrality_1,0.5282508786158421,0.014803365198073081,13
eigenvector_centrality_1,0.5830494728304948,0.015444177924756858,13
eigenvector_centrality_3,0.648391457150581,0.012493957564601085,13
degree_centrality_2,0.6648553663152204,0.01298101322102081,13
lsme_0,0.6660989456609895,0.011653930226896732,13
load_centrality_3,0.6900243309002433,0.012264890514199801,13
page_rank_0,0.6857799405244659,0.011729941583985578,13
self_walk_2,0.7040551500405515,0.01105968607247786,13
basic_expansion_2,0.7106515274398487,0.008942645364569783,13
self_walk_3,0.7227629088942958,0.011711983477290189,13
page_rank_3,0.7204649905379833,0.011905547287168425,13
degree_centrality_3,0.7198702351987022,0.013162028400727182,13
basic_expansion_1,0.7254933765882668,0.010850303128153662,13
page_rank_2,0.7246012435793456,0.01358676324968063,13
lsme_1,0.7215193295485267,0.013073245814265092,13
page_rank_1,0.7198702351987026,0.011371014791769858,13
lsme_3,0.7205460935387945,0.008435448564487786,13
closeness_centrality_0,0.7220059475533928,0.015169634044613793,13
closeness_centrality_2,0.7242497972424979,0.010373577910993971,13
eigenvector_centrality_2,0.7239524195728576,0.013829561262177234,13
self_walk_0,0.7275479859421465,0.010798042143529812,13
basic_expansion_0,0.7291970802919708,0.017008893279946924,13
lsme_2,0.7228169775615031,0.014861533241867295,13
load_centrality_1,0.7286834279535009,0.013230371961469865,13
degree_centrality_1,0.7279535009462017,0.013023171158915534,13
load_centrality_0,0.7262503379291702,0.012643978346389645,13
load_centrality_2,0.7292511489591779,0.011623663163002637,13
closeness_centrality_3,0.7301162476344957,0.01161724799027257,13
eigenvector_centrality_0,0.7324952689916192,0.012498080901015207,13
degree_centrality_0,0.7306839686401732,0.010603388115649395,13
self_walk_1,0.7305217626385508,0.012754820368352,13
basic_expansion_3,0.7324952689916194,0.012649786176763718,13
lsme_0,0.5049743173830765,0.013430623195764132,14
self_walk_2,0.5517166801838335,0.010192194747372861,14
degree_centrality_3,0.6226818058934848,0.013373691105405006,14
page_rank_0,0.6421194917545282,0.011664805891461958,14
basic_expansion_2,0.6777237091105704,0.00947548572123709,14
load_centrality_1,0.6958637469586374,0.01105700939454677,14
load_centrality_3,0.7113273857799406,0.010335321555027801,14
self_walk_3,0.72308732089754,0.010956778948314908,14
degree_centrality_2,0.723763179237632,0.011778285502968713,14
closeness_centrality_2,0.7217085698837524,0.010137839055536533,14
lsme_2,0.7208434712084347,0.0093119054744527,14
page_rank_2,0.7177074885104081,0.012628709232611918,14
basic_expansion_0,0.7206001622060018,0.011423245620430686,14
degree_centrality_1,0.7195458231954583,0.01406367504805541,14
eigenvector_centrality_1,0.7170316301703162,0.013144942589361556,14
eigenvector_centrality_0,0.7193836171938363,0.010350302133166067,14
closeness_centrality_3,0.7191943768586103,0.014168183308844918,14
basic_expansion_1,0.727250608272506,0.010951708311165008,14
closeness_centrality_1,0.7250067585834009,0.01026293949369754,14
page_rank_1,0.7247093809137605,0.010478062702950984,14
lsme_1,0.7263044065963773,0.010315785940929,14
page_rank_3,0.7265206812652067,0.009811787273211093,14
closeness_centrality_0,0.7246823465801568,0.011707583285633698,14
basic_expansion_3,0.721330089213301,0.010266499528594751,14
lsme_3,0.728521221951879,0.013290227978439708,14
eigenvector_centrality_2,0.7300351446336849,0.011813849125135296,14
self_walk_0,0.7313057583130577,0.013202861103617647,14
degree_centrality_0,0.7268450932684509,0.009403285846856221,14
load_centrality_0,0.7298459042984591,0.010403863945524056,14
self_walk_1,0.7308732089753988,0.010145081695572196,14
load_centrality_2,0.7342525006758583,0.01296013659441951,14
eigenvector_centrality_3,0.729602595296026,0.011796886135988588,14
degree_centrality_3,0.5497161394971614,0.014796056503348334,15
closeness_centrality_3,0.5796701811300351,0.013603294143214368,15
degree_centrality_2,0.6060556907272235,0.01237440328659617,15
lsme_2,0.6131386861313868,0.012578375581374736,15
load_centrality_1,0.6513922681805894,0.011994990939875006,15
page_rank_1,0.6600432549337659,0.010923510111205799,15
lsme_0,0.663882130305488,0.01027094783697253,15
self_walk_3,0.6689375506893757,0.012375230124920384,15
eigenvector_centrality_0,0.681021897810219,0.01224297189240271,15
page_rank_3,0.6876723438767236,0.013753038024588916,15
eigenvector_centrality_3,0.7038659097053256,0.012965887358968697,15
basic_expansion_2,0.7111111111111111,0.010794928228369723,15
lsme_3,0.714868883482022,0.00855417750680269,15
basic_expansion_1,0.719383617193836,0.009741367373751553,15
degree_centrality_0,0.7202757502027574,0.015320168656448451,15
self_walk_2,0.7231143552311436,0.013518680639749972,15
page_rank_0,0.7218707758853744,0.01150583270827346,15
load_centrality_3,0.731603135982698,0.012666847505876856,15
load_centrality_0,0.733198161665315,0.011673355128380292,15
closeness_centrality_1,0.7241957285752906,0.011358152812728431,15
load_centrality_2,0.7325223033252232,0.012437086336874329,15
eigenvector_centrality_1,0.7325493376588267,0.009905824000071378,15
eigenvector_centrality_2,0.7290889429575561,0.012419591688569967,15
self_walk_1,0.7319275479859422,0.013740889857735097,15
degree_centrality_1,0.7316572046499054,0.011854609230452987,15
page_rank_2,0.7283590159502569,0.012186938458076103,15
basic_expansion_0,0.7301973506353068,0.011000017537188586,15
lsme_1,0.7306839686401729,0.012543348142074218,15
closeness_centrality_0,0.7265747499324141,0.01314558197064928,15
basic_expansion_3,0.7283049472830494,0.012845718569418239,15
self_walk_0,0.7280616382806162,0.011591677896251937,15
closeness_centrality_2,0.7304947283049472,0.015800382737660646,15
self_walk_2,0.5240335225736685,0.014196088702437657,16
degree_centrality_3,0.5989456609894567,0.01603673843796668,16
load_centrality_2,0.6536901865369019,0.01070026983759017,16
load_centrality_0,0.6768586104352529,0.009246413973996998,16
basic_expansion_1,0.6909164639091647,0.00968119831715852,16
load_centrality_1,0.710543390105434,0.013159945952854238,16
closeness_centrality_0,0.7067315490673154,0.010044119049247464,16
lsme_3,0.7094620167612867,0.008278025959605197,16
page_rank_2,0.7043795620437958,0.010559494428252247,16
closeness_centrality_2,0.702919708029197,0.013030689015790362,16
lsme_2,0.7032441200324412,0.013164943274350083,16
lsme_0,0.7059205190592053,0.011865454944283284,16
lsme_1,0.7045417680454178,0.012445457415498387,16
closeness_centrality_3,0.7031630170316301,0.010804267281450907,16
closeness_centrality_1,0.7068396864017303,0.009934667016906934,16
degree_centrality_1,0.7068126520681266,0.01206364540198177,16
page_rank_0,0.7083806434171398,0.012694080663635983,16
eigenvector_centrality_1,0.7075696134090295,0.009958804175144671,16
load_centrality_3,0.7165179778318463,0.009879338335471962,16
page_rank_1,0.7149770208164372,0.012347352922686138,16
self_walk_3,0.7241146255744797,0.010657323835256742,16
basic_expansion_3,0.7246282779129494,0.015345026869599687,16
self_walk_0,0.7264395782643956,0.012171126007646749,16
basic_expansion_0,0.7304406596377399,0.011933415419644095,16
self_walk_1,0.7265206812652066,0.01255290018747501,16
eigenvector_centrality_2,0.7219518788861854,0.01183859983956589,16
eigenvector_centrality_3,0.7229521492295213,0.011357509331425753,16
degree_centrality_2,0.7272235739389022,0.009528212430645746,16
basic_expansion_2,0.7329818869964855,0.011858215298448944,16
degree_centrality_0,0.7366855907001891,0.013346858987719486,16
eigenvector_centrality_0,0.7298999729656663,0.011876321523017342,16
page_rank_3,0.7321708569883751,0.01243758582238347,16
eigenvector_centrality_1,0.5452014057853474,0.01408748203440344,17
basic_expansion_3,0.5818869964855365,0.013083723736678439,17
lsme_0,0.6148688834820221,0.012694167025074036,17
closeness_centrality_0,0.6281427412814276,0.015195724532813351,17
load_centrality_1,0.6597999459313327,0.011741244823225359,17
degree_centrality_2,0.6659908083265748,0.013441393457643506,17
self_walk_2,0.687618275209516,0.01243829094424935,17
load_centrality_2,0.7065963773992973,0.01156048924221555,17
degree_centrality_3,0.7089213300892132,0.011850200323795626,17
lsme_1,0.707542579075426,0.01243214916570646,17
page_rank_3,0.705433901054339,0.011929587028838212,17
eigenvector_centrality_0,0.7099486347661531,0.011148803159329444,17
page_rank_1,0.7105974587726414,0.00970095711656802,17
self_walk_0,0.7115706947823737,0.01327132480956739,17
basic_expansion_2,0.7219248445525818,0.013236999187325751,17
lsme_3,0.7234658015679913,0.013794637938308919,17
degree_centrality_0,0.720140578534739,0.01488990624710235,17
self_walk_1,0.7132738577994054,0.010070570493087643,17
closeness_centrality_1,0.7166801838334684,0.012237926549480478,17
lsme_2,0.7111651797783185,0.012103534127883637,17
eigenvector_centrality_3,0.7202216815355501,0.01102221973755003,17
load_centrality_0,0.7213030548796971,0.010697161622348392,17
page_rank_2,0.7234928359015949,0.011560963383182311,17
basic_expansion_0,0.7229251148959179,0.01195177462529462,17
basic_expansion_1,0.7220329818869965,0.010593044084354433,17
page_rank_0,0.7215463638821301,0.008748437337737062,17
load_centrality_3,0.7302514193025142,0.011293623197650135,17
closeness_centrality_2,0.7263855095971884,0.012222060469609304,17
self_walk_3,0.7298188699648552,0.013856882760183724,17
degree_centrality_1,0.7299540416328737,0.014873036358781462,17
closeness_centrality_3,0.7275750202757502,0.011228885466495699,17
eigenvector_centrality_2,0.7322249256555826,0.012515611823812618,17
eigenvector_centrality_1,0.5419032170856989,0.012770539617811796,18
closeness_centrality_3,0.5778048121113815,0.016816159558101867,18
load_centrality_3,0.6524736415247364,0.010695658425086968,18
closeness_centrality_0,0.651338199513382,0.012854846948982942,18
eigenvector_centrality_2,0.6748580697485808,0.010251004368426998,18
degree_centrality_2,0.6813192754798596,0.012078509439691345,18
lsme_0,0.6875642065423089,0.016356129305109313,18
load_centrality_1,0.6995674506623409,0.010683214771581535,18
basic_expansion_1,0.7074074074074075,0.011867456619781142,18
self_walk_1,0.7012706136793729,0.009200415669902916,18
page_rank_2,0.7037848067045147,0.013137156321801938,18
lsme_1,0.7011354420113544,0.014092254164086888,18
eigenvector_centrality_3,0.7062449310624491,0.009898553967488963,18
page_rank_0,0.7048121113814544,0.009601908757719527,18
basic_expansion_3,0.7114895917815625,0.012040328597718392,18
basic_expansion_0,0.7133549608002162,0.013137156321801945,18
self_walk_3,0.7190051365233846,0.009443615521547717,18
degree_centrality_0,0.7211138145444715,0.008684040665223616,18
load_centrality_0,0.7236550419032172,0.01123002443236199,18
page_rank_3,0.7213030548796974,0.013178482035167492,18
eigenvector_centrality_0,0.7228440118951068,0.009772677895647104,18
self_walk_2,0.7224114625574479,0.009650764862199785,18
load_centrality_2,0.7310894836442281,0.008836588692334984,18
basic_expansion_2,0.7309543119762097,0.01065495764051585,18
lsme_2,0.7353609083536091,0.010468572271058216,18
page_rank_1,0.7326574749932414,0.013322441700407379,18
degree_centrality_3,0.731089483644228,0.01228147489791145,18
degree_centrality_1,0.730846174641795,0.011837951604999402,18
self_walk_0,0.732197891321979,0.011794655608857571,18
lsme_3,0.7350364963503648,0.010378121168853746,18
closeness_centrality_2,0.7307921059745878,0.01203668601060224,18
closeness_centrality_1,0.7288997026223303,0.014414041451221217,18
eigenvector_centrality_2,0.5547985942146525,0.01611064834081747,19
page_rank_3,0.6008110300081104,0.014563051996065259,19
degree_centrality_3,0.6137604758042714,0.016488306331889323,19
lsme_2,0.6248715869153826,0.013872696671718657,19
load_centrality_0,0.649256555825899,0.013009779748602972,19
eigenvector_centrality_3,0.6861043525277103,0.015658667822546567,19
self_walk_3,0.6892403352257366,0.012648052775278838,19
lsme_1,0.6796431467964315,0.014316460122378739,19
lsme_3,0.687293863206272,0.01120021054487329,19
basic_expansion_3,0.6962422276290888,0.01436955575717968,19
load_centrality_1,0.7093809137604759,0.013993238489154564,19
basic_expansion_1,0.7131927547985942,0.011697747090962869,19
load_centrality_3,0.7203568532035685,0.014352252475733109,19
closeness_centrality_1,0.7240335225736685,0.012651259381291078,19
self_walk_2,0.7275209516085429,0.010815389167647058,19
page_rank_1,0.7314138956474722,0.010361064862349195,19
degree_centrality_2,0.7249797242497973,0.013216471619784545,19
load_centrality_2,0.7283319816166531,0.013123463546957044,19
degree_centrality_0,0.7300081103000811,0.01367309362674022,19
eigenvector_centrality_1,0.7334414706677481,0.013290887865133135,19
basic_expansion_0,0.7316301703163018,0.013005762446489044,19
degree_centrality_1,0.7276561232765613,0.013031109663192172,19
eigenvector_centrality_0,0.7278723979453906,0.00965712411113995,19
closeness_centrality_3,0.7299540416328738,0.008414107898581331,19
closeness_centrality_0,0.7254933765882671,0.010040043410951759,19
lsme_0,0.7231954582319546,0.010989681062401712,19
page_rank_0,0.7284671532846717,0.010056772100567712,19
self_walk_1,0.7248175182481751,0.010558248519206585,19
page_rank_2,0.7237091105704245,0.01275378892102126,19
self_walk_0,0.7302243849689104,0.00988765737499231,19
closeness_centrality_2,0.7298188699648551,0.011082230376546473,19
basic_expansion_2,0.7333603676669369,0.01109004250666714,19
eigenvector_centrality_1,0.5406055690727224,0.013796545126333496,20
degree_centrality_3,0.5896999188969991,0.01617776176143969,20
closeness_centrality_2,0.6213841578805083,0.013521086211978776,20
eigenvector_centrality_2,0.6649364693160315,0.013871116091861908,20
page_rank_1,0.6717220870505541,0.013122126901498393,20
load_centrality_2,0.6815355501486889,0.01263287536666559,20
page_rank_0,0.6833468505001351,0.012034408833770084,20
basic_expansion_1,0.6921330089213301,0.013090201878603339,20
self_walk_1,0.6896999188969991,0.01525598969151988,20
basic_expansion_3,0.6991349013246825,0.012234611612307617,20
degree_centrality_1,0.699243038659097,0.014764434437455579,20
degree_centrality_2,0.6988104893214383,0.010711499706197494,20
lsme_1,0.7010543390105435,0.013029763543704758,20
load_centrality_1,0.7023519870235198,0.012468075217734742,20
basic_expansion_2,0.7135442011354419,0.012311282363222948,20
basic_expansion_0,0.7174641795079749,0.015192453645505853,20
load_centrality_3,0.7243849689105165,0.01374942393700504,20
closeness_centrality_3,0.7245471749121382,0.013103399548554794,20
self_walk_0,0.7261962692619626,0.009758458294145612,20
lsme_0,0.7246282779129493,0.0117356412719589,20
closeness_centrality_0,0.7225466342254663,0.011460803907759769,20
closeness_centrality_1,0.7198702351987024,0.011287797437750652,20
eigenvector_centrality_3,0.7216545012165451,0.010729735946626807,20
self_walk_2,0.7268450932684509,0.014681510040073942,20
page_rank_3,0.7304947283049472,0.012969973361904268,20
degree_centrality_0,0.7307650716409839,0.010132971689729204,20
lsme_3,0.7308191403081916,0.012631168575127803,20
lsme_2,0.7260340632603406,0.0138183266442475,20
eigenvector_centrality_0,0.7271695052716951,0.010156997375152165,20
self_walk_3,0.7306028656393619,0.010698391353918837,20
load_centrality_0,0.7325493376588267,0.011834154089478485,20
page_rank_2,0.7321167883211679,0.007055339564254289,20
self_walk_3,0.5275750202757502,0.023103918570750125,21
degree_centrality_1,0.5843200865098674,0.02052160575975408,21
basic_expansion_0,0.6108678021086781,0.014696436648821686,21
page_rank_1,0.6174101108407678,0.012390339725114701,21
basic_expansion_3,0.649499864828332,0.01297324123767612,21
lsme_3,0.6579075425790754,0.00983633742418325,21
page_rank_2,0.66455798864558,0.012930100951664664,21
eigenvector_centrality_1,0.6659367396593673,0.017026930697312273,21
degree_centrality_0,0.6668288726682886,0.013939967799123659,21
degree_centrality_3,0.6738577994052445,0.011681335027624112,21
basic_expansion_1,0.689375506893755,0.01111239368795037,21
load_centrality_1,0.6959178156258445,0.010040480165615411,21
closeness_centrality_3,0.6978372533117059,0.013373691105404996,21
closeness_centrality_0,0.7004595836712626,0.011824237755409056,21
lsme_1,0.702514193025142,0.010680580602469455,21
page_rank_0,0.7019464720194647,0.012193803131928194,21
self_walk_0,0.7038659097053256,0.010773241301107149,21
self_walk_2,0.7086509867531766,0.0138425555971238,21
eigenvector_centrality_0,0.7115706947823736,0.011755708301240071,21
eigenvector_centrality_2,0.7163557718302245,0.01420411775746095,21
page_rank_3,0.716058394160584,0.012556305713637961,21
eigenvector_centrality_3,0.7208434712084348,0.013244726759711316,21
closeness_centrality_1,0.7237091105704244,0.012577213445687728,21
basic_expansion_2,0.7300351446336848,0.010236842337836982,21
lsme_2,0.7294674236280075,0.01323525986175106,21
load_centrality_2,0.727250608272506,0.012589091223455586,21
closeness_centrality_2,0.7272776426061097,0.012483774990712985,21
lsme_0,0.7287374966207084,0.010053137796897926,21
load_centrality_0,0.7278453636117869,0.010385583291101662,21
load_centrality_3,0.7303054879697215,0.011270561478152,21
self_walk_1,0.7321708569883753,0.009572635739598767,21
degree_centrality_2,0.7313057583130576,0.009951022022781343,21
eigenvector_centrality_1,0.5427142470938091,0.01434718477415348,22
closeness_centrality_0,0.5848878075155447,0.010747465237910486,22
self_walk_2,0.6369018653690186,0.014700538809164084,22
degree_centrality_2,0.6487969721546364,0.015232809474806269,22
degree_centrality_3,0.662881859962152,0.015063243453565205,22
eigenvector_centrality_0,0.6748040010813732,0.013929084583537638,22
lsme_3,0.6770748851040822,0.012739598051792457,22
degree_centrality_1,0.6811030008110299,0.013751523412326555,22
lsme_0,0.6739659367396592,0.014548892779556304,22
basic_expansion_2,0.6968099486347661,0.01115391524513449,22
self_walk_3,0.7041632873749661,0.01267333689900385,22
self_walk_0,0.7126520681265206,0.00907037145133916,22
self_walk_1,0.7098675317653421,0.011096466084407067,22
lsme_1,0.7059475533928088,0.013945131075529677,22
basic_expansion_3,0.7118410381184103,0.014435650675930374,22
load_centrality_0,0.7157069478237362,0.014920503186181574,22
load_centrality_3,0.7228440118951068,0.010466023741863536,22
page_rank_2,0.7193295485266287,0.011431272245827729,22
load_centrality_1,0.732603406326034,0.010091051641950677,22
load_centrality_2,0.7319275479859421,0.01187862900580658,22
degree_centrality_0,0.731522032981887,0.012902742873057142,22
eigenvector_centrality_3,0.7298188699648552,0.012687256252399975,22
closeness_centrality_2,0.7369829683698297,0.010062765832000048,22
page_rank_1,0.7338740200054069,0.01299122798966749,22
page_rank_3,0.7356042173560422,0.010747295230155673,22
eigenvector_centrality_2,0.7327926466612598,0.012577910739984977,22
closeness_centrality_3,0.7293052176263853,0.011634221618652688,22
basic_expansion_0,0.73227899432279,0.013081405346394199,22
basic_expansion_1,0.7300351446336849,0.008928045184272947,22
closeness_centrality_1,0.728683427953501,0.012087219555398614,22
page_rank_0,0.7330900243309002,0.009809440637343368,22
lsme_2,0.7304136253041363,0.010646036819911192,22
page_rank_3,0.5436874831035415,0.016122280194677683,23
closeness_centrality_0,0.5994322789943228,0.011252292413500582,23
page_rank_0,0.6264125439307922,0.012858485118649501,23
lsme_0,0.6312516896458502,0.014711248752845308,23
closeness_centrality_2,0.6428223844282238,0.009345280744306982,23
self_walk_3,0.6471749121384159,0.012006683807027938,23
closeness_centrality_1,0.6513111651797784,0.014441395866272414,23
eigenvector_centrality_2,0.6697215463638819,0.012709616268767925,23
basic_expansion_1,0.6813192754798593,0.010472306665680796,23
degree_centrality_3,0.6781832927818329,0.012042999128043392,23
lsme_3,0.6789672884563396,0.009759544204479425,23
basic_expansion_3,0.689456609894566,0.015138768192952835,23
closeness_centrality_3,0.6939443092727765,0.013512002257503581,23
eigenvector_centrality_3,0.7054068667207354,0.013756757417097384,23
page_rank_2,0.7072992700729926,0.01048991366850684,23
load_centrality_1,0.7144904028115707,0.008322404449607081,23
lsme_2,0.710624493106245,0.012837864679584348,23
basic_expansion_0,0.708623952419573,0.014230334977261783,23
load_centrality_3,0.7181670721816709,0.01287768215391518,23
load_centrality_0,0.7216274668829413,0.012887780340544084,23
degree_centrality_0,0.7244390375777238,0.011398138007282918,23
eigenvector_centrality_0,0.7233576642335765,0.010741887580326702,23
load_centrality_2,0.7259529602595296,0.01307469925429476,23
lsme_1,0.7261422005947554,0.011624134727146178,23
basic_expansion_2,0.7284130846174641,0.013724924078710605,23
degree_centrality_1,0.7304676939713435,0.009784785656044254,23
page_rank_1,0.7262773722627737,0.009691158167484896,23
degree_centrality_2,0.7344417410110842,0.013708859736854612,23
eigenvector_centrality_1,0.7262233035955664,0.011446127415993585,23
self_walk_1,0.7264395782643958,0.011883088868666751,23
self_walk_2,0.7305487969721546,0.01002682259036197,23
self_walk_0,0.734522844011895,0.012246881349490481,23
eigenvector_centrality_2,0.5493917274939173,0.014692258726973826,24
closeness_centrality_1,0.6037577723709109,0.014665496826478096,24
degree_centrality_3,0.6409570154095704,0.016911677385050398,24
basic_expansion_1,0.6640443363071101,0.014075025384588475,24
lsme_0,0.6638550959718844,0.011898915559210852,24
load_centrality_3,0.6982968369829685,0.012799550779281141,24
basic_expansion_2,0.707434441741011,0.012823396394601347,24
eigenvector_centrality_3,0.711381454447148,0.010334897260423127,24
load_centrality_1,0.7184914841849149,0.012695232101172177,24
self_walk_1,0.7198972695323059,0.011209603139504467,24
load_centrality_2,0.7236550419032171,0.013052180743445649,24
basic_expansion_3,0.7273587456069208,0.013172824081865648,24
self_walk_3,0.7322519599891864,0.010057498803709848,24
basic_expansion_0,0.7335496080021626,0.011963234821374995,24
degree_centrality_2,0.7294674236280076,0.013203746767020658,24
self_walk_2,0.732954852662882,0.009427814444499425,24
lsme_3,0.7351716680183834,0.011380908610221521,24
eigenvector_centrality_1,0.7332251959989183,0.01045554381212344,24
lsme_2,0.7313598269802649,0.011490100651867433,24
closeness_centrality_3,0.731440929981076,0.014274640147452635,24
degree_centrality_1,0.7326304406596378,0.011984475900345503,24
closeness_centrality_0,0.7304406596377399,0.011714604082450397,24
page_rank_0,0.7278994322789941,0.011515007749092756,24
page_rank_3,0.7282238442822385,0.017138594839735143,24
page_rank_1,0.729007839956745,0.011756174568784937,24
load_centrality_0,0.7284401189510675,0.01299350622234756,24
self_walk_0,0.7304406596377397,0.011229145811735881,24
page_rank_2,0.7340362260070287,0.010053573982705786,24
closeness_centrality_2,0.732441200324412,0.012789868656121363,24
degree_centrality_0,0.7310083806434171,0.011097256421613291,24
eigenvector_centrality_0,0.73227899432279,0.012415824912024247,24
lsme_1,0.7276561232765613,0.012627783238386262,24
basic_expansion_3,0.5068396864017302,0.013403577888741353,25
basic_expansion_1,0.5376858610435253,0.0113746456661956,25
page_rank_3,0.6293592862935928,0.011398747136494521,25
load_centrality_3,0.676588267099216,0.009901396189284758,25
page_rank_1,0.6858069748580697,0.011299445953909084,25
closeness_centrality_0,0.6949175452825088,0.011396983778443547,25
eigenvector_centrality_3,0.7020005406866722,0.012136007145191119,25
self_walk_3,0.7142741281427415,0.010861243294884542,25
load_centrality_2,0.7229251148959179,0.011962776624323396,25
basic_expansion_0,0.7199783725331168,0.012759976354356552,25
basic_expansion_2,0.7271154366044877,0.011170905923022343,25
self_walk_1,0.7244931062449314,0.009889135582697594,25
lsme_0,0.7228710462287103,0.010274078290865286,25
load_centrality_1,0.7261422005947551,0.01193313981653859,25
closeness_centrality_2,0.7267369559340362,0.011621493721488664,25
eigenvector_centrality_2,0.7327656123276561,0.011981578834301829,25
lsme_1,0.7293863206271965,0.010717331859839906,25
page_rank_0,0.7282779129494458,0.01468462100144114,25
self_walk_0,0.7340091916734252,0.01261403001815067,25
load_centrality_0,0.7350364963503649,0.012048004776931487,25
self_walk_2,0.7350094620167613,0.012290843952062386,25
closeness_centrality_3,0.7347931873479318,0.010617990494113971,25
degree_centrality_0,0.7380373073803731,0.011169466482894618,25
degree_centrality_3,0.7327115436604487,0.01395770365090667,25
closeness_centrality_1,0.7395241957285753,0.011059157397318598,25
lsme_2,0.7331711273317113,0.010586970882128614,25
eigenvector_centrality_1,0.7307110029737766,0.016210436574316436,25
lsme_3,0.7315761016490944,0.014343210851602638,25
degree_centrality_1,0.7339551230062178,0.010606592716988845,25
eigenvector_centrality_0,0.7326304406596377,0.00942874465263289,25
page_rank_2,0.7333603676669369,0.00942258031267464,25
degree_centrality_2,0.7333874020005406,0.009994516717302483,25
lsme_1,0.5645850229791836,0.03637463307492093,26
load_centrality_3,0.5756420654230873,0.018329617106170547,26
basic_expansion_1,0.6088131927547986,0.028862743868856632,26
self_walk_1,0.6055150040551501,0.032189207839880406,26
self_walk_0,0.6491754528250878,0.031682589661696854,26
page_rank_1,0.6714247093809137,0.020791212954181158,26
closeness_centrality_2,0.6924844552581777,0.01995868154172297,26
lsme_0,0.685266288185996,0.01320084046158812,26
eigenvector_centrality_2,0.698999729656664,0.011715071985970231,26
degree_centrality_3,0.7024601243579346,0.009980906085145574,26
page_rank_3,0.7047310083806436,0.014296434519279241,26
load_centrality_0,0.7093268450932685,0.013071764257167042,26
degree_centrality_1,0.7087050554203841,0.014336483242499727,26
closeness_centrality_1,0.7084076777507434,0.009529132838204833,26
basic_expansion_0,0.7078669910786698,0.01211741440134013,26
degree_centrality_0,0.7101378751013788,0.012200723846145187,26
eigenvector_centrality_0,0.7083806434171398,0.009253525020949465,26
closeness_centrality_0,0.7075155447418221,0.01417251572394689,26
self_walk_3,0.7143552311435523,0.014887648214869452,26
eigenvector_centrality_1,0.7132197891321981,0.013474818767844367,26
lsme_2,0.7113814544471478,0.012938802650160676,26
eigenvector_centrality_3,0.7144633684779671,0.012134652073480598,26
lsme_3,0.7146526088131928,0.009790945891058722,26
self_walk_2,0.7155988104893215,0.01198630526549219,26
closeness_centrality_3,0.7173830765071643,0.010480259628661705,26
basic_expansion_3,0.7226277372262773,0.011784613012267117,26
degree_centrality_2,0.7209516085428495,0.01249079834378756,26
basic_expansion_2,0.7254122735874561,0.01203987333459675,26
load_centrality_2,0.7266288185996215,0.013842951574262062,26
page_rank_2,0.7250067585834008,0.011948930795717677,26
page_rank_0,0.7297107326304407,0.011958102011559727,26
load_centrality_1,0.7327385779940525,0.010442534092608455,26
basic_expansion_2,0.5343336036766694,0.01178476805562427,27
eigenvector_centrality_1,0.6072452014057853,0.014456570398349224,27
page_rank_2,0.6382535820492024,0.014588749432810546,27
self_walk_0,0.6726412543930792,0.012643544819237565,27
lsme_3,0.6756690997566911,0.008835761575191722,27
degree_centrality_0,0.6763179237631792,0.010424917175355033,27
basic_expansion_1,0.6930792105974588,0.011090042506667142,27
eigenvector_centrality_2,0.7036496350364964,0.009349971915098036,27
basic_expansion_3,0.7084347120843472,0.012714905546440954,27
lsme_1,0.709786428764531,0.014950377571151507,27
basic_expansion_0,0.7054339010543391,0.014246452562884988,27
eigenvector_centrality_0,0.7061097593944311,0.009758196159753383,27
lsme_2,0.7038118410381184,0.01141489322329443,27
load_centrality_3,0.7173290078399567,0.011683211858868338,27
lsme_0,0.7144092998107596,0.013970343383930947,27
self_walk_3,0.7153555014868883,0.009889874603696641,27
closeness_centrality_3,0.7191943768586104,0.010621465930257814,27
degree_centrality_2,0.721897810218978,0.012160673118158943,27
load_centrality_0,0.7240335225736686,0.013554854193192184,27
page_rank_3,0.7228710462287105,0.015483594486879632,27
self_walk_1,0.7198161665314949,0.014614651728265494,27
self_walk_2,0.7227899432278992,0.011852142911358686,27
load_centrality_2,0.7300351446336849,0.012495712342145845,27
degree_centrality_3,0.7287645309543119,0.010815794612971259,27
degree_centrality_1,0.7275209516085428,0.011483992719995645,27
closeness_centrality_0,0.7297648012976479,0.010420815133922344,27
eigenvector_centrality_3,0.7274668829413357,0.013812110638011573,27
closeness_centrality_2,0.7286293592862936,0.012094231475595208,27
page_rank_0,0.7258177885915112,0.011358152812728428,27
load_centrality_1,0.7292781832927819,0.007469699383813173,27
closeness_centrality_1,0.7348202216815356,0.010682804294445224,27
page_rank_1,0.7318734793187347,0.011590637524703877,27
closeness_centrality_3,0.5314949986482833,0.012044698248145693,28
basic_expansion_0,0.57558799675588,0.01252273404618762,28
basic_expansion_2,0.6376858610435254,0.011604501476330957,28
degree_centrality_2,0.6534739118680725,0.01031195942671332,28
eigenvector_centrality_3,0.6813192754798593,0.012758257923875591,28
load_centrality_0,0.6839416058394161,0.011984140486444354,28
lsme_2,0.6877264125439309,0.012209496424568892,28
degree_centrality_0,0.6893484725601514,0.010338609247805436,28
lsme_0,0.6904028115706947,0.012297977488203625,28
page_rank_1,0.6888888888888888,0.011176531046540318,28
basic_expansion_3,0.6979724249797242,0.012520019906476216,28
page_rank_2,0.6951067856177343,0.010559875093362486,28
eigenvector_centrality_0,0.6975669099756691,0.014118057911690443,28
eigenvector_centrality_1,0.7022438496891051,0.012021739864207565,28
load_centrality_3,0.7100297377669639,0.010074923954028373,28
eigenvector_centrality_2,0.7117329007839956,0.012231385405714496,28
lsme_3,0.714138956474723,0.0123970622926502,28
basic_expansion_1,0.7184914841849148,0.012813846362559814,28
self_walk_2,0.7201676128683427,0.010022010695118275,28
self_walk_0,0.7228710462287105,0.008583517996191574,28
page_rank_0,0.7222222222222222,0.010400491473887637,28
page_rank_3,0.7182211408488779,0.010200258633333213,28
load_centrality_1,0.7307921059745877,0.01065907242420252,28
load_centrality_2,0.7278994322789941,0.01067103056911044,28
self_walk_3,0.731008380643417,0.012729698090666302,28
degree_centrality_3,0.7288456339551229,0.012071972728719176,28
self_walk_1,0.7336577453365775,0.01235608054681649,28
degree_centrality_1,0.7334685050013516,0.011191985558459022,28
closeness_centrality_1,0.7321708569883751,0.009359542421267391,28
lsme_1,0.7350094620167613,0.009151670980879928,28
closeness_centrality_0,0.7311165179778317,0.012381134507120757,28
closeness_centrality_2,0.7303595566369289,0.012621415189000078,28
lsme_0,0.5018113003514464,0.0126754992917501,29
eigenvector_centrality_1,0.5781021897810219,0.013802450439363421,29
closeness_centrality_3,0.5971884293052178,0.012629403683725495,29
closeness_centrality_2,0.6180859691808597,0.013919426806595749,29
self_walk_3,0.6343065693430657,0.016154705299467328,29
lsme_3,0.6537442552041092,0.01005139286438128,29
basic_expansion_0,0.6552311435523115,0.013932022578111412,29
closeness_centrality_0,0.6590970532576372,0.013581356107141888,29
load_centrality_0,0.6698837523655042,0.014430080467375863,29
degree_centrality_3,0.6767504731008381,0.012414647559971483,29
degree_centrality_2,0.6775074344417412,0.012164518903412025,29
degree_centrality_0,0.6799945931332794,0.013301359181385435,29
lsme_2,0.6773722627737226,0.009391620103031642,29
basic_expansion_3,0.6829143011624764,0.011804101480652437,29
page_rank_1,0.6850500135171669,0.010566932215495184,29
lsme_1,0.6861854555285212,0.011691091259926813,29
eigenvector_centrality_2,0.6929981075966476,0.0123705045901044,29
eigenvector_centrality_0,0.6925925925925924,0.009493979152399554,29
load_centrality_3,0.7094890510948907,0.0099361382309504,29
load_centrality_1,0.7171668018383348,0.008249503754054404,29
basic_expansion_1,0.7210327115436606,0.014085614239205726,29
self_walk_1,0.7160854284941875,0.013677235535026082,29
load_centrality_2,0.7218437415517708,0.01171460408245041,29
self_walk_0,0.7235198702351988,0.011428234943107298,29
page_rank_2,0.7269532306028658,0.012531806093165187,29
page_rank_3,0.7255744795890781,0.010063492102323891,29
degree_centrality_1,0.722249256555826,0.014868981788364849,29
eigenvector_centrality_3,0.727683157610165,0.013426051383564237,29
basic_expansion_2,0.7275479859421466,0.009727703070098083,29
self_walk_2,0.7303865909705325,0.011338349058542566,29
page_rank_0,0.7303865909705326,0.011449957879676563,29
closeness_centrality_1,0.7298729386320627,0.007995766936161322,29
basic_expansion_2,0.5357664233576643,0.013132009290762883,30
degree_centrality_2,0.6109218707758853,0.01382234572120508,30
load_centrality_2,0.6728845633955125,0.015196566191377405,30
eigenvector_centrality_2,0.6808056231413896,0.011549104019349707,30
degree_centrality_1,0.6832657474993243,0.012352767734307856,30
self_walk_1,0.6861043525277102,0.01564185609950466,30
load_centrality_3,0.6926466612598,0.01515343731163145,30
closeness_centrality_3,0.6968099486347661,0.013879570099646098,30
self_walk_3,0.7148148148148149,0.01173704241058231,30
basic_expansion_1,0.7235739389024062,0.011894031507839565,30
eigenvector_centrality_1,0.725250067585834,0.014263807331580884,30
degree_centrality_3,0.7198702351987023,0.010664556332794067,30
lsme_1,0.7164368748310356,0.013832731737712569,30
lsme_3,0.7163287374966207,0.009368908131789895,30
self_walk_2,0.723411732900784,0.014203423114784544,30
page_rank_1,0.722681805893485,0.010324708958987844,30
closeness_centrality_1,0.7256826169234928,0.012668145650443137,30
load_centrality_1,0.7316301703163017,0.011770371332932841,30
eigenvector_centrality_3,0.7304676939713437,0.009094954138885626,30
eigenvector_centrality_0,0.7313327926466614,0.011741618298226057,30
degree_centrality_0,0.7335766423357664,0.010053174146438087,30
basic_expansion_3,0.7353609083536092,0.010663631121016709,30
closeness_centrality_2,0.7325763719924303,0.01309745805768711,30
self_walk_0,0.7353068396864016,0.010573466228178043,30
page_rank_0,0.734603947012706,0.010557279377183915,30
page_rank_2,0.7325763719924304,0.01035227907944196,30
lsme_0,0.7340632603406326,0.010508708321062111,30
lsme_2,0.7312787239794539,0.009638033776683373,30
page_rank_3,0.7300892133008922,0.01344027875530313,30
load_centrality_0,0.7338199513381994,0.01265726596911559,30
basic_expansion_0,0.7297918356312518,0.013508107264118581,30
closeness_centrality_0,0.7301162476344957,0.007948323959945694,30
degree_centrality_2,0.5529061908623952,0.013180894247093317,31
eigenvector_centrality_3,0.6029737766964044,0.016942225121709342,31
page_rank_2,0.631278723979454,0.011903981795690891,31
degree_centrality_1,0.647742633144093,0.01385624982832063,31
eigenvector_centrality_2,0.6643687483103542,0.013879570099646094,31
self_walk_3,0.6766153014328197,0.016154139776936523,31
load_centrality_0,0.6960259529602595,0.01708740978562956,31
self_walk_1,0.6884293052176264,0.013486989834951493,31
degree_centrality_3,0.6890510948905108,0.013775737225141213,31
closeness_centrality_1,0.693403622600703,0.011926063823885244,31
self_walk_2,0.7040010813733439,0.009991335246633133,31
basic_expansion_0,0.701757231684239,0.012083953997741117,31
eigenvector_centrality_0,0.6969991889699918,0.011062163900488257,31
load_centrality_1,0.7159232224925655,0.012510092233585105,31
closeness_centrality_0,0.7138415788050824,0.010273936018199452,31
load_centrality_2,0.7208705055420384,0.01036106486234921,31
lsme_2,0.7177615571776156,0.009306252759155725,31
basic_expansion_1,0.7213841578805085,0.008696655611973822,31
degree_centrality_0,0.7200865098675319,0.012616202575985816,31
page_rank_0,0.7224384968910517,0.009657010589845104,31
closeness_centrality_3,0.7210056772100566,0.009781797478953337,31
lsme_3,0.7174641795079751,0.009984749675169756,31
self_walk_0,0.7206001622060015,0.01105453041117492,31
closeness_centrality_2,0.7231413895647473,0.01099034607995483,31
lsme_1,0.7187347931873479,0.011841038118410386,31
basic_expansion_2,0.72625033792917,0.011828687232499208,31
basic_expansion_3,0.7270613679372804,0.011649382633012595,31
page_rank_3,0.7291430116247636,0.01200668380702794,31
eigenvector_centrality_1,0.7279805352798054,0.011371014791769846,31
page_rank_1,0.7315220329818871,0.013445307777475027,31
lsme_0,0.7269532306028655,0.009984420282573339,31
load_centrality_3,0.7343336036766692,0.012448158456525867,31
lsme_1,0.5707218167072182,0.03173753621870428,32
load_centrality_1,0.5658826709921599,0.02419075918466611,32
degree_centrality_0,0.6080021627466883,0.0106681193616987,32
page_rank_1,0.6248986212489862,0.016594435032362215,32
closeness_centrality_2,0.6410110840767774,0.011643264102803095,32
basic_expansion_3,0.6598269802649366,0.014375581565263036,32
eigenvector_centrality_2,0.6781292241146257,0.013585230099517986,32
closeness_centrality_0,0.6828061638280616,0.013802371012456637,32
self_walk_2,0.6966747769667477,0.013285387807846029,32
degree_centrality_3,0.7043525277101921,0.010413097517685993,32
page_rank_3,0.7012706136793728,0.01342221312495962,32
self_walk_0,0.7022438496891051,0.01723221948842092,32
self_walk_3,0.7121924844552581,0.014421341035188832,32
basic_expansion_1,0.7134630981346309,0.011723335202181773,32
page_rank_0,0.7168153555014868,0.014168802306393898,32
lsme_3,0.716382806163828,0.012046184781637726,32
load_centrality_0,0.7146526088131928,0.010365296315350292,32
basic_expansion_2,0.728521221951879,0.01124563289656374,32
self_walk_1,0.7240605569072721,0.009478262036222257,32
page_rank_2,0.724655312246553,0.013979783009394607,32
load_centrality_2,0.7284401189510677,0.011919811402532001,32
closeness_centrality_3,0.7295485266288187,0.01397505091939753,32
degree_centrality_1,0.7304947283049471,0.01219272422526071,32
eigenvector_centrality_1,0.7290078399567449,0.009563584177608792,32
degree_centrality_2,0.7290078399567451,0.009028172272845187,32
eigenvector_centrality_0,0.7314138956474723,0.012796267104283039,32
lsme_0,0.7341443633414436,0.013236447045238183,32
eigenvector_centrality_3,0.7289267369559339,0.011865608931309984,32
closeness_centrality_1,0.730521762638551,0.012467957980933277,32
load_centrality_3,0.736631522032982,0.010824406735904452,32
basic_expansion_0,0.7303054879697215,0.011417453994419452,32
lsme_2,0.7302784536361178,0.008259464547213193,32
lsme_0,0.5067045147337118,0.01598049287510347,33
basic_expansion_2,0.5669370100027035,0.013365163185028825,33
load_centrality_2,0.6350094620167612,0.011964609307247027,33
eigenvector_centrality_1,0.6746958637469587,0.01183353649209114,33
closeness_centrality_1,0.6874020005406867,0.011428874442337995,33
eigenvector_centrality_3,0.6951608542849418,0.011411691451308763,33
lsme_1,0.6917545282508786,0.014730015831434082,33
page_rank_3,0.6932414165990808,0.014877753013367552,33
eigenvector_centrality_0,0.7038929440389293,0.011071574589523526,33
self_walk_0,0.708948364422817,0.0126889842984246,33
self_walk_1,0.708191403081914,0.013570158361218474,33
self_walk_2,0.7082725060827252,0.014408285353525679,33
basic_expansion_1,0.7148688834820223,0.013435846219115833,33
degree_centrality_0,0.7118951067856177,0.00931963314933807,33
basic_expansion_0,0.717707488510408,0.015272269084823941,33
closeness_centrality_0,0.7138415788050824,0.011243975526005636,33
closeness_centrality_2,0.7147607461476073,0.011835018671676674,33
page_rank_1,0.7163287374966206,0.010852222662609004,33
lsme_2,0.7164909434982428,0.010055209510967007,33
degree_centrality_2,0.7175182481751825,0.011938313968427143,33
load_centrality_3,0.7181941065152746,0.011450053624850288,33
self_walk_3,0.7275479859421465,0.010915177057952839,33
degree_centrality_1,0.7261422005947551,0.012752069656740465,33
degree_centrality_3,0.7214652608813193,0.013108752950841589,33
page_rank_0,0.7305758313057583,0.013613713063005524,33
load_centrality_1,0.7304136253041362,0.013992089400294982,33
eigenvector_centrality_2,0.7337388483373884,0.012189127179993334,33
page_rank_2,0.7305487969721546,0.009413268003323231,33
lsme_3,0.7298729386320627,0.009657578182975343,33
closeness_centrality_3,0.7292781832927818,0.009264694130572715,33
basic_expansion_3,0.7259529602595295,0.011205429624982432,33
load_centrality_0,0.7295485266288185,0.01039202034239739,33
eigenvector_centrality_2,0.5519059205190593,0.013265155507483454,34
degree_centrality_3,0.5937821032711544,0.018111873686179787,34
page_rank_1,0.6236280075696133,0.014174758775631683,34
page_rank_3,0.652095160854285,0.013469746504856205,34
page_rank_2,0.6556636928899703,0.015660348002224597,34
self_walk_2,0.673073803730738,0.017445442112158982,34
degree_centrality_2,0.669802649364693,0.014933722815603883,34
basic_expansion_0,0.676074614760746,0.015677023346734445,34
page_rank_0,0.6775074344417411,0.016992299149889117,34
lsme_0,0.6793998377939983,0.01346106226280823,34
lsme_2,0.6773181941065153,0.011686964617145423,34
load_centrality_1,0.6876723438767234,0.012091965135815327,34
degree_centrality_1,0.6871586915382537,0.01356455602179156,34
self_walk_3,0.6935928629359286,0.013392886357456535,34
self_walk_1,0.6929170045958367,0.012063160726014616,34
closeness_centrality_1,0.6965125709651256,0.013410882499350522,34
lsme_3,0.6962151932954853,0.012596984180552497,34
lsme_1,0.6957826439578265,0.013081405346394211,34
degree_centrality_0,0.7020005406866721,0.013241884641337619,34
basic_expansion_1,0.6981886996485538,0.009934667016906925,34
self_walk_0,0.7017031630170316,0.011244593006333679,34
eigenvector_centrality_0,0.7051365233846986,0.011476735328865041,34
eigenvector_centrality_1,0.7024871586915382,0.014408183903873838,34
closeness_centrality_2,0.7032441200324413,0.013730700511748748,34
closeness_centrality_0,0.7014057853473913,0.013221005344839967,34
load_centrality_2,0.7161124628277912,0.012329227097389678,34
load_centrality_0,0.7154095701540958,0.010169402181080709,34
basic_expansion_2,0.7233846985671801,0.013184220711754829,34
eigenvector_centrality_3,0.7277101919437686,0.012114760274837731,34
load_centrality_3,0.7284941876182752,0.011913555699810173,34
closeness_centrality_3,0.7301703163017031,0.01104143215144697,34
basic_expansion_3,0.7317653419843201,0.01157991310258066,34
lsme_2,0.5073803730738037,0.011609538808458782,35
basic_expansion_3,0.5224114625574479,0.012388216051144357,35
eigenvector_centrality_2,0.6172208705055418,0.014419440457719437,35
closeness_centrality_0,0.6446877534468775,0.013071344918065964,35
basic_expansion_0,0.6555014868883482,0.01430218453183124,35
load_centrality_3,0.688213030548797,0.010920699671420784,35
closeness_centrality_2,0.6890781292241146,0.012061343017676666,35
lsme_1,0.6791294944579617,0.014584239989746433,35
degree_centrality_3,0.6907812922411461,0.010642603743988843,35
page_rank_2,0.6929170045958367,0.014756115915543077,35
degree_centrality_2,0.6923763179237633,0.012104288899587552,35
basic_expansion_2,0.7022979183563126,0.010700133231715784,35
self_walk_0,0.7117058664503921,0.011556790275061419,35
degree_centrality_1,0.7085698837523654,0.010504499850005197,35
lsme_3,0.7094349824276832,0.015016008818771224,35
self_walk_2,0.7155177074885103,0.012347352922686126,35
page_rank_0,0.7151392268180587,0.013430949694229288,35
eigenvector_centrality_3,0.7164909434982428,0.010864338202967854,35
load_centrality_1,0.7209245742092456,0.014735100668436066,35
eigenvector_centrality_0,0.7204109218707759,0.01410342603815035,35
load_centrality_0,0.7278453636117868,0.012419944765300573,35
page_rank_1,0.7256826169234928,0.010713955736785241,35
lsme_0,0.7250608272506083,0.011691216286969904,35
degree_centrality_0,0.7252500675858341,0.014604071123891714,35
page_rank_3,0.7254393079210597,0.013404886469822835,35
closeness_centrality_3,0.7233576642335765,0.01255455940536081,35
self_walk_3,0.7261422005947552,0.013274380856654147,35
load_centrality_2,0.726845093268451,0.010473283670629623,35
basic_expansion_1,0.73044065963774,0.009231700452602635,35
self_walk_1,0.7312246553122463,0.013216886354375257,35
eigenvector_centrality_1,0.7337929170045959,0.012527168793504065,35
closeness_centrality_1,0.72676399026764,0.010849528482997455,35
load_centrality_0,0.5397404703974047,0.0142577599140545,36
eigenvector_centrality_1,0.5859962151932955,0.014864557359299809,36
degree_centrality_0,0.6243849689105162,0.013173905937280789,36
lsme_2,0.6238983509056502,0.012790868624632364,36
basic_expansion_2,0.6600432549337659,0.010116946948511014,36
basic_expansion_1,0.6819951338199512,0.012710766298971365,36
closeness_centrality_2,0.6840227088402272,0.011318833507979052,36
lsme_3,0.6885915112192484,0.012160913515368023,36
closeness_centrality_1,0.6895106785617735,0.011331385380948775,36
basic_expansion_0,0.6895377128953771,0.011529564865832294,36
self_walk_0,0.701081373344147,0.013203746767020652,36
degree_centrality_3,0.6962422276290888,0.010400456338219797,36
closeness_centrality_0,0.6988104893214383,0.010154586568683654,36
load_centrality_2,0.7108678021086782,0.012942219573867762,36
degree_centrality_1,0.7098945660989459,0.009748454746365858,36
lsme_0,0.7075155447418222,0.011854146834708956,36
degree_centrality_2,0.7058123817247905,0.010741037073231909,36
self_walk_1,0.7100567721005678,0.013440849711953244,36
eigenvector_centrality_2,0.7110029737766965,0.010639306948904104,36
eigenvector_centrality_3,0.7127872397945391,0.011367414904585326,36
page_rank_2,0.7115166261151663,0.011391339198358889,36
load_centrality_1,0.7220329818869966,0.012287275630942002,36
closeness_centrality_3,0.7174101108407676,0.013796545126333479,36
page_rank_1,0.7151662611516626,0.01072564827230168,36
eigenvector_centrality_0,0.7218437415517707,0.008317133712982625,36
page_rank_0,0.7174371451743717,0.009224849879435785,36
basic_expansion_3,0.7210056772100567,0.011060974612316182,36
page_rank_3,0.7223033252230331,0.010419131777941099,36
self_walk_2,0.7272235739389022,0.009041762103326505,36
load_centrality_3,0.7309543119762097,0.011873459621571924,36
lsme_1,0.7278183292781834,0.013924545212928444,36
self_walk_3,0.7353068396864019,0.01145723223254471,36
degree_centrality_2,0.5522844011895106,0.01209401996851849,37
basic_expansion_3,0.5935117599351174,0.016173763144075946,37
closeness_centrality_1,0.6292241146255744,0.013300370118356265,37
eigenvector_centrality_1,0.6460124357934578,0.017454719113734373,37
closeness_centrality_0,0.646147607461476,0.015278321549280136,37
eigenvector_centrality_2,0.6756961340902946,0.017072433175931677,37
lsme_0,0.6695593403622601,0.013875778284591503,37
lsme_3,0.6788321167883211,0.011934364670513235,37
lsme_2,0.6774263314409299,0.012199525735132504,37
basic_expansion_0,0.6757772370911056,0.013457043905500838,37
eigenvector_centrality_0,0.6758853744255204,0.013419190744801697,37
degree_centrality_0,0.676426061097594,0.011525919384074925,37
closeness_centrality_3,0.682589889159232,0.012110325379747544,37
load_centrality_0,0.6869964855366314,0.014383586643304564,37
load_centrality_2,0.7000270343336037,0.011030670696614665,37
page_rank_2,0.6981346309813463,0.012679765331573754,37
basic_expansion_2,0.710029737766964,0.012310095012601175,37
degree_centrality_3,0.7104352527710193,0.01141121110802761,37
load_centrality_1,0.7164639091646392,0.010984592346041853,37
basic_expansion_1,0.7172479048391457,0.014172515723946897,37
self_walk_3,0.7230602865639362,0.010507421612127517,37
page_rank_1,0.7223844282238442,0.010095396270762379,37
page_rank_3,0.7244931062449311,0.013254242037217152,37
self_walk_0,0.7240605569072721,0.013531784472431828,37
self_walk_1,0.7270343336036766,0.010930733638296579,37
degree_centrality_1,0.7238713165720466,0.01320050827165308,37
closeness_centrality_2,0.7217896728845632,0.010658146736378372,37
self_walk_2,0.7241957285752906,0.010864842723959128,37
load_centrality_3,0.7278994322789941,0.011566304028295551,37
page_rank_0,0.7286293592862937,0.011667938207105183,37
lsme_1,0.7318734793187348,0.013416113207949535,37
eigenvector_centrality_3,0.7311165179778317,0.010685369517846438,37
basic_expansion_2,0.5337388483373885,0.012057464324031951,38
self_walk_3,0.5751284130846174,0.018714399057827114,38
eigenvector_centrality_3,0.6370911057042445,0.01605721079598258,38
basic_expansion_1,0.6590429845904298,0.014462130404092386,38
page_rank_0,0.6882130305487969,0.010728271375716553,38
closeness_centrality_0,0.7053257637199244,0.012022834114701893,38
eigenvector_centrality_0,0.7068937550689377,0.012640278436775648,38
closeness_centrality_2,0.7085969180859693,0.013680788559922339,38
self_walk_2,0.7245471749121383,0.015154884152283983,38
eigenvector_centrality_2,0.7213571235469047,0.012377503645510608,38
lsme_2,0.7246553122465529,0.011897103472224642,38
lsme_0,0.7189510678561771,0.01226369867199828,38
load_centrality_2,0.7225195998918627,0.010298768328603125,38
lsme_3,0.7197080291970804,0.010734230590492427,38
page_rank_3,0.7209516085428492,0.013899854513810476,38
closeness_centrality_3,0.7259529602595296,0.013091458043560043,38
eigenvector_centrality_1,0.7188158961881591,0.009942204687666833,38
degree_centrality_2,0.7188429305217626,0.012510793268911767,38
closeness_centrality_1,0.7242497972424979,0.010160019070606763,38
page_rank_1,0.7202757502027574,0.01175732461633603,38
self_walk_1,0.7213300892133009,0.013048260513666093,38
page_rank_2,0.7172479048391458,0.010803218732305445,38
basic_expansion_0,0.7260340632603407,0.008395629712640731,38
load_centrality_0,0.7197620978642877,0.009540630440708419,38
load_centrality_3,0.7247364152473641,0.012402131291883379,38
degree_centrality_3,0.7275479859421466,0.011013165052565086,38
degree_centrality_1,0.7247634495809678,0.0132166928131858,38
load_centrality_1,0.72757502027575,0.01049200362582526,38
self_walk_0,0.7309813463098135,0.011335383570729348,38
lsme_1,0.7269532306028654,0.012394585981451904,38
degree_centrality_0,0.7268991619356583,0.0099329012724146,38
basic_expansion_3,0.7286293592862936,0.012309857528733675,38
load_centrality_2,0.5545552852122194,0.015269038527299628,39
basic_expansion_2,0.6151662611516626,0.013416358347377963,39
self_walk_1,0.6283860502838604,0.03194634745127189,39
eigenvector_centrality_2,0.652419572857529,0.015382060693055803,39
lsme_2,0.6650986753176533,0.0186124269843672,39
self_walk_3,0.6885374425520411,0.018106728040974615,39
degree_centrality_3,0.6922141119221411,0.018695663720904254,39
load_centrality_1,0.7048121113814543,0.013579983803161801,39
eigenvector_centrality_3,0.7100027034333604,0.010648267725713673,39
page_rank_0,0.7197620978642877,0.011293882050563846,39
closeness_centrality_2,0.7163828061638282,0.014991482570635463,39
degree_centrality_2,0.7166801838334685,0.009893975166903868,39
closeness_centrality_1,0.7164098404974317,0.011850169486504936,39
page_rank_3,0.7134360638010272,0.012475693246684691,39
page_rank_2,0.7152473641524736,0.0125265853638202,39
self_walk_0,0.7253041362530414,0.009909069803841786,39
lsme_1,0.7230332522303324,0.011060479037835663,39
load_centrality_0,0.7271965396052986,0.010342849887821796,39
eigenvector_centrality_0,0.7225736685590701,0.013326473223406958,39
degree_centrality_0,0.7266288185996214,0.008420489738868978,39
basic_expansion_1,0.7276290889429576,0.013693497095094372,39
closeness_centrality_3,0.7297918356312518,0.01380353589461818,39
load_centrality_3,0.7302784536361179,0.015303462648258683,39
eigenvector_centrality_1,0.7316842389835091,0.012656717408722424,39
lsme_3,0.7288185996215192,0.013988772182585799,39
degree_centrality_1,0.7298729386320626,0.012058525028255815,39
basic_expansion_0,0.7261692349283592,0.009452318051003739,39
page_rank_1,0.7254933765882671,0.0128247641749218,39
closeness_centrality_0,0.7261422005947555,0.009297610030257588,39
basic_expansion_3,0.7289808056231413,0.01609451309977971,39
lsme_0,0.7301162476344959,0.010122580153753077,39
self_walk_2,0.7312787239794538,0.0107459350712905,39
lsme_3,0.511462557447959,0.009834293919074782,40
page_rank_3,0.5858340091916735,0.010227413909619365,40
basic_expansion_3,0.6267639902676401,0.010737906627027003,40
lsme_2,0.639470127061368,0.013748865794691058,40
load_centrality_1,0.6626655852933226,0.011098441821895535,40
self_walk_2,0.6797783184644496,0.012850980265157769,40
eigenvector_centrality_1,0.6926466612597999,0.012239986733604874,40
closeness_centrality_3,0.6976750473100838,0.010221731228266836,40
closeness_centrality_1,0.6951067856177346,0.010570251583828837,40
basic_expansion_1,0.7013787510137873,0.009949369367662275,40
degree_centrality_2,0.7040281157069477,0.012828524818851387,40
eigenvector_centrality_3,0.7118951067856176,0.01035810181672115,40
load_centrality_0,0.7166531494998648,0.010074379874292695,40
load_centrality_3,0.7214652608813192,0.010803624634369508,40
page_rank_1,0.7215733982157341,0.010993670564307355,40
basic_expansion_0,0.7225466342254665,0.010080616893068479,40
self_walk_3,0.7278453636117869,0.012812705584518504,40
closeness_centrality_0,0.7273857799405246,0.012010791876185985,40
degree_centrality_0,0.7274939172749392,0.011819910269091108,40
load_centrality_2,0.730251419302514,0.011145098709684925,40
lsme_0,0.7291430116247635,0.010255566294762278,40
closeness_centrality_2,0.7290348742903486,0.011837241593076487,40
self_walk_0,0.7261151662611517,0.009425992520993335,40
eigenvector_centrality_2,0.7245471749121385,0.011804101480652413,40
lsme_1,0.7253582049202486,0.011805958795334855,40
page_rank_2,0.7273587456069206,0.01373187147375938,40
eigenvector_centrality_0,0.7268180589348474,0.014103659231217891,40
self_walk_1,0.7279535009462016,0.01411236234849781,40
page_rank_0,0.728845633955123,0.010357360922865474,40
degree_centrality_3,0.7271965396052986,0.009112174694681787,40
basic_expansion_2,0.7328737496620706,0.011841192422962086,40
degree_centrality_1,0.7332251959989186,0.009057752513164388,40
page_rank_1,0.539713436063801,0.016066766249866398,41
basic_expansion_1,0.5892133008921331,0.01569680085473627,41
load_centrality_2,0.6566909975669101,0.011762545039505336,41
degree_centrality_3,0.6731819410651526,0.010778836636613016,41
lsme_1,0.6643146796431468,0.010391211533182896,41
eigenvector_centrality_3,0.6793457691267909,0.010857878263792378,41
page_rank_0,0.6831576101649095,0.012612030934407915,41
degree_centrality_1,0.6887266828872669,0.011955290253317846,41
load_centrality_0,0.693403622600703,0.01249527367086271,41
closeness_centrality_1,0.6940254122735873,0.014539747240603241,41
page_rank_2,0.6962692619626927,0.010660752170877577,41
closeness_centrality_3,0.693890240605569,0.012425239712292405,41
eigenvector_centrality_2,0.7023790213571235,0.0126868242041167,41
page_rank_3,0.700594755339281,0.014792623133791871,41
degree_centrality_0,0.7034063260340633,0.010999652104104436,41
eigenvector_centrality_0,0.7054879697215463,0.013858464963374569,41
basic_expansion_3,0.7087861584211949,0.013942379313388266,41
basic_expansion_2,0.7170856988375236,0.010181755983478345,41
closeness_centrality_2,0.7206271965396055,0.014830592885014047,41
degree_centrality_2,0.7188699648553665,0.011285628192428312,41
lsme_0,0.7134630981346308,0.012364151808644776,41
basic_expansion_0,0.7161665314949985,0.011336028307984617,41
closeness_centrality_0,0.7164639091646392,0.011828440083237635,41
load_centrality_3,0.7180319005136523,0.01055031970861739,41
self_walk_3,0.7228980805623142,0.010794792820377779,41
load_centrality_1,0.7319816166531495,0.010952876100121349,41
eigenvector_centrality_1,0.7236820762368208,0.01292255285474209,41
lsme_3,0.726331440929981,0.01377905268860365,41
self_walk_0,0.7301973506353068,0.013689093161581142,41
self_walk_2,0.7293592862935928,0.013279032406587074,41
lsme_2,0.7306298999729656,0.01007709997921319,41
self_walk_1,0.7284130846174643,0.008681515476208842,41
load_centrality_3,0.5319545823195457,0.013441828438358967,42
load_centrality_2,0.6069748580697486,0.014593432767327058,42
lsme_3,0.6199513381995133,0.016035166064603566,42
degree_centrality_3,0.6665044606650447,0.013808803111692839,42
eigenvector_centrality_2,0.6761557177615571,0.011183493121134949,42
page_rank_3,0.679183563125169,0.01572183059511017,42
degree_centrality_1,0.6834009191673425,0.011197861165221092,42
basic_expansion_0,0.6900243309002434,0.014434511489959972,42
eigenvector_centrality_3,0.6971884293052177,0.01058590080947501,42
self_walk_2,0.7064341713976752,0.012698915999698055,42
self_walk_3,0.7158691538253582,0.010225269872579004,42
closeness_centrality_0,0.7177074885104082,0.013876173313671249,42
self_walk_1,0.7159232224925655,0.009655307610256531,42
degree_centrality_0,0.7180048661800486,0.013313661374650745,42
degree_centrality_2,0.7178696945120301,0.01339670574099546,42
self_walk_0,0.7180319005136524,0.011938650669814817,42
lsme_0,0.7212760205460935,0.014226328414419186,42
lsme_1,0.7219518788861855,0.012365806800934744,42
page_rank_0,0.7200865098675318,0.01502593457207639,42
lsme_2,0.7203298188699649,0.012871437740777784,42
eigenvector_centrality_1,0.7177885915112192,0.011299219569464012,42
basic_expansion_2,0.7249797242497972,0.011982676752276674,42
page_rank_1,0.7225195998918625,0.014560542500908423,42
basic_expansion_1,0.7249797242497974,0.011991822159604029,42
closeness_centrality_3,0.7251959989186266,0.012602900654394707,42
closeness_centrality_2,0.7249797242497972,0.012033801513838233,42
eigenvector_centrality_0,0.7231413895647472,0.01316183405286646,42
basic_expansion_3,0.7294403892944038,0.010660443665820401,42
load_centrality_0,0.7280075696134091,0.012382462605116908,42
closeness_centrality_1,0.7233846985671804,0.01005793480039247,42
page_rank_2,0.7258718572587186,0.011362141583401958,42
load_centrality_1,0.7315220329818869,0.010420990467865909,42
eigenvector_centrality_3,0.5436604487699378,0.016030698771466834,43
load_centrality_1,0.6061908623952419,0.013473327124011121,43
eigenvector_centrality_2,0.6504460665044606,0.016605331895629804,43
closeness_centrality_2,0.6686401730197351,0.013349076526439326,43
eigenvector_centrality_0,0.6884022708840227,0.015076434875877709,43
lsme_2,0.6923492835901597,0.009447329581282901,43
degree_centrality_0,0.6945120302784535,0.010504499850005199,43
degree_centrality_2,0.6947823736144904,0.013985401919728241,43
page_rank_0,0.7032441200324412,0.011389799281935776,43
basic_expansion_3,0.7071640984049742,0.012718669941674306,43
basic_expansion_0,0.706947823736145,0.01310816752895448,43
degree_centrality_3,0.7047039740470399,0.01472170268360666,43
load_centrality_2,0.7127602054609354,0.013682284294376146,43
self_walk_0,0.7133549608002163,0.010044300958823514,43
load_centrality_0,0.7154906731549068,0.013261270680272297,43
closeness_centrality_0,0.7160583941605838,0.012066553048958177,43
eigenvector_centrality_1,0.7206001622060014,0.014407676644899453,43
self_walk_3,0.724736415247364,0.011609538808458782,43
degree_centrality_1,0.7236009732360098,0.011466637375992702,43
closeness_centrality_3,0.7220870505542039,0.009854005327502316,43
self_walk_1,0.7258718572587186,0.011715571062460375,43
page_rank_1,0.7193565828602324,0.011416973893584228,43
load_centrality_3,0.7233846985671804,0.012742781621282733,43
self_walk_2,0.7291970802919708,0.013051200796394354,43
lsme_0,0.7297918356312516,0.008621579173459256,43
page_rank_2,0.7256555825898889,0.011901126545800382,43
page_rank_3,0.7280616382806163,0.010574848570365319,43
lsme_3,0.7257907542579075,0.012302285328482881,43
basic_expansion_2,0.7316572046499055,0.009695644300159909,43
closeness_centrality_1,0.7253041362530414,0.011500527531095185,43
lsme_1,0.7293052176263852,0.01090462612016298,43
basic_expansion_1,0.7297648012976481,0.013859519665154932,43
degree_centrality_1,0.5387672343876723,0.015695962738433315,44
lsme_3,0.594566098945661,0.012834363028313167,44
lsme_2,0.6075966477426331,0.010773953596101197,44
basic_expansion_2,0.6487429034874291,0.011279539127170678,44
basic_expansion_3,0.6701000270343336,0.01215406033159975,44
page_rank_2,0.6751284130846176,0.011465266937110403,44
page_rank_3,0.6803190051365233,0.010640852448779752,44
load_centrality_3,0.6936198972695322,0.009236924062268349,44
lsme_1,0.6957015409570153,0.012382315045707401,44
load_centrality_0,0.6993511759935118,0.011691497592928424,44
closeness_centrality_2,0.704758042714247,0.011020230334763164,44
eigenvector_centrality_2,0.7076236820762368,0.013528651514689597,44
page_rank_1,0.7112192484455259,0.012814844460041497,44
self_walk_3,0.716896458502298,0.013045459628282876,44
eigenvector_centrality_0,0.7111651797783186,0.009602479607865456,44
eigenvector_centrality_1,0.7119491754528251,0.008825167629236606,44
load_centrality_1,0.7197891321978914,0.009160810421658512,44
self_walk_0,0.7275479859421464,0.00979732604743305,44
self_walk_1,0.7221140848878075,0.012817496170003013,44
eigenvector_centrality_3,0.7287915652879157,0.013401396636324312,44
self_walk_2,0.7317112733171128,0.00938227706440462,44
degree_centrality_3,0.7290348742903489,0.012449332639403283,44
closeness_centrality_1,0.7319275479859422,0.010330653355925468,44
closeness_centrality_3,0.7329818869964857,0.012402278615523845,44
page_rank_0,0.7311435523114355,0.012723524653685134,44
closeness_centrality_0,0.7274939172749392,0.009031247952684545,44
basic_expansion_0,0.7301973506353068,0.012875269898756566,44
degree_centrality_2,0.7264666125979994,0.012388570022086957,44
load_centrality_2,0.7334955393349554,0.01160765006508668,44
basic_expansion_1,0.7316572046499054,0.009673003942891072,44
lsme_0,0.7339551230062179,0.01054023562795265,44
degree_centrality_0,0.7316572046499055,0.01297095944563375,44
basic_expansion_1,0.5096782914301163,0.01498641157133489,45
self_walk_0,0.5559070018924034,0.0180730333338716,45
load_centrality_3,0.6339551230062181,0.012259407080675789,45
self_walk_2,0.6599080832657475,0.014376572911931163,45
page_rank_0,0.7031359826980265,0.012196919437314276,45
degree_centrality_2,0.7026493646931602,0.012291825058766923,45
degree_centrality_1,0.7017031630170317,0.012982223654583725,45
closeness_centrality_3,0.7110570424439039,0.012534605141577379,45
degree_centrality_0,0.7120573127872398,0.012467166603687303,45
eigenvector_centrality_3,0.7157069478237362,0.01240766945713302,45
page_rank_3,0.7171938361719384,0.01482233614620995,45
load_centrality_2,0.71338199513382,0.012444488420967811,45
closeness_centrality_1,0.7135171668018382,0.011930107762166806,45
lsme_1,0.7196809948634768,0.011671476712125097,45
lsme_3,0.7170586645039202,0.011334577597587213,45
eigenvector_centrality_0,0.7190321708569886,0.010683214771581552,45
lsme_0,0.7198432008650986,0.013923101750373435,45
load_centrality_0,0.7209245742092458,0.010052301721196488,45
basic_expansion_2,0.7224655312246555,0.009889689853624161,45
lsme_2,0.7228440118951069,0.010911158856109318,45
page_rank_2,0.7247634495809677,0.010682804294445227,45
self_walk_3,0.7292511489591782,0.009603278741061982,45
eigenvector_centrality_2,0.7292781832927818,0.011757417858504537,45
closeness_centrality_0,0.7279535009462015,0.010226020336677076,45
self_walk_1,0.7268991619356585,0.011732277856546791,45
page_rank_1,0.7247634495809679,0.01358966769143967,45
degree_centrality_3,0.7280616382806164,0.007919214183870857,45
eigenvector_centrality_1,0.7217896728845634,0.015108516528694339,45
basic_expansion_3,0.7263584752635847,0.010683043741358134,45
basic_expansion_0,0.728845633955123,0.012535304806022834,45
load_centrality_1,0.728926736955934,0.012092569534620876,45
closeness_centrality_2,0.7334955393349555,0.01527035476286643,45
basic_expansion_3,0.5086509867531765,0.011155880808221618,46
lsme_0,0.535793457691268,0.012745448324036582,46
self_walk_2,0.5930792105974588,0.012361994075313916,46
degree_centrality_3,0.6662070829954042,0.012728578480214144,46
eigenvector_centrality_1,0.6753176534198431,0.014284774061771179,46
closeness_centrality_3,0.6868342795350093,0.010834125136806916,46
basic_expansion_2,0.7039740470397403,0.010895205390959672,46
lsme_3,0.7032170856988377,0.01190296872090144,46
closeness_centrality_2,0.7049202487158691,0.011570726364495942,46
lsme_1,0.7019194376858611,0.007730306852430832,46
closeness_centrality_0,0.6973776696404435,0.014062635657996696,46
degree_centrality_2,0.7037307380373072,0.011177609961689554,46
eigenvector_centrality_2,0.7103000811030007,0.012577329664088567,46
eigenvector_centrality_0,0.7117329007839959,0.014628072818295194,46
page_rank_3,0.7052716950527169,0.016074770255152037,46
eigenvector_centrality_3,0.713544201135442,0.010760344007437252,46
degree_centrality_1,0.7196809948634767,0.010452502667084435,46
self_walk_0,0.7179507975128415,0.01370246072931203,46
page_rank_0,0.7218707758853744,0.012515349041381851,46
degree_centrality_0,0.7146255744795892,0.012804232128601592,46
self_walk_3,0.7226818058934846,0.010040480165615404,46
self_walk_1,0.7210056772100569,0.011711827470397231,46
load_centrality_1,0.7305487969721546,0.011653052209097936,46
page_rank_2,0.7248715869153823,0.01316050130450631,46
closeness_centrality_1,0.7266828872668288,0.010911292820011116,46
basic_expansion_0,0.7271154366044876,0.0130114649605171,46
load_centrality_2,0.7254122735874563,0.01409059447620458,46
load_centrality_3,0.7323871316572048,0.01003731326373204,46
lsme_2,0.7279805352798053,0.010707643966765766,46
basic_expansion_1,0.7307921059745877,0.008575297437326558,46
load_centrality_0,0.732765612327656,0.011042623544338045,46
page_rank_1,0.7332251959989188,0.01411741080432282,46
self_walk_0,0.5170045958367125,0.023337129138665952,47
load_centrality_0,0.5821843741551771,0.01290036363099821,47
page_rank_2,0.6352527710191944,0.011719188731392317,47
self_walk_1,0.6335496080021628,0.013232609021259297,47
load_centrality_2,0.665720464990538,0.014716836694296976,47
lsme_1,0.6629359286293594,0.011008518735414207,47
closeness_centrality_0,0.6680454176804542,0.011901525707936289,47
basic_expansion_3,0.6848607731819409,0.0106708935889229,47
eigenvector_centrality_3,0.6976750473100838,0.017370290409096108,47
page_rank_0,0.7015409570154095,0.013010229159790178,47
basic_expansion_1,0.7095971884293051,0.014427725141613853,47
self_walk_2,0.7171397675047312,0.010615271290589623,47
degree_centrality_2,0.7166531494998647,0.015166453908609542,47
lsme_2,0.7064882400648824,0.00814092622446864,47
basic_expansion_0,0.7105974587726414,0.013300370118356266,47
self_walk_3,0.7190321708569883,0.011917235922632686,47
load_centrality_3,0.7276020546093538,0.014322176580358895,47
closeness_centrality_2,0.730602865639362,0.011508023953708093,47
basic_expansion_2,0.7295755609624225,0.010174431701458521,47
lsme_0,0.7246282779129495,0.012932022609529806,47
load_centrality_1,0.7339821573398216,0.012438144047157058,47
eigenvector_centrality_0,0.7340091916734253,0.011461058984826342,47
closeness_centrality_1,0.7337388483373886,0.010049683991053918,47
degree_centrality_3,0.733684779670181,0.009452318051003722,47
lsme_3,0.733874020005407,0.012078146381891213,47
eigenvector_centrality_1,0.7324952689916195,0.011758692094038792,47
closeness_centrality_3,0.7325223033252228,0.009567404446428944,47
page_rank_3,0.7348742903487427,0.012934763303870294,47
degree_centrality_1,0.7288185996215193,0.013786688481684559,47
degree_centrality_0,0.7333333333333333,0.010896010326529522,47
eigenvector_centrality_2,0.732035685320357,0.01114509870968492,47
page_rank_1,0.730683968640173,0.01282681557192907,47
degree_centrality_2,0.5471208434712085,0.01614010847896934,48
lsme_3,0.5919978372533118,0.012007505533297432,48
eigenvector_centrality_3,0.6299270072992701,0.010955711640785737,48
self_walk_0,0.6542308732089754,0.014342981553247269,48
self_walk_2,0.6730738037307381,0.01064758134294391,48
degree_centrality_0,0.6725601513922682,0.011728539597068816,48
page_rank_1,0.6836712625033794,0.01237892069382106,48
basic_expansion_3,0.6932143822654772,0.010967279713226787,48
page_rank_3,0.6975128413084618,0.010558940709048238,48
self_walk_3,0.7058934847256015,0.012166321196773983,48
degree_centrality_1,0.7071100297377669,0.011739377269996597,48
eigenvector_centrality_1,0.7111381454447148,0.010836856866760608,48
closeness_centrality_2,0.7110840767775076,0.010866356146384601,48
lsme_1,0.7082725060827251,0.012799807726998761,48
eigenvector_centrality_2,0.7121113814544473,0.010867970231342802,48
closeness_centrality_0,0.7103811841038118,0.013407530504257605,48
lsme_2,0.7092998107596648,0.00984588054503457,48
lsme_0,0.7154366044876994,0.010415202889259612,48
degree_centrality_3,0.711705866450392,0.01210896743408185,48
closeness_centrality_3,0.710435252771019,0.012421356971861015,48
load_centrality_3,0.7170316301703163,0.011792703551534377,48
basic_expansion_2,0.7234387672343876,0.014713732544376074,48
basic_expansion_0,0.7257907542579075,0.011073554768139574,48
closeness_centrality_1,0.723330629899973,0.012823054426725091,48
load_centrality_0,0.7192484455258178,0.016033092119014807,48
self_walk_1,0.7218437415517707,0.013930658586260362,48
eigenvector_centrality_0,0.7222222222222221,0.011365518076910452,48
load_centrality_2,0.7218437415517708,0.010750320966200924,48
basic_expansion_1,0.724574209245742,0.012105104000168692,48
page_rank_2,0.7268450932684509,0.011055819551898157,48
load_centrality_1,0.7331440929981076,0.013930658586260353,48
page_rank_0,0.7310354149770206,0.012074061229399316,48
self_walk_1,0.577183022438497,0.025683186061052014,49
page_rank_2,0.5829143011624763,0.018579413379423388,49
degree_centrality_2,0.5972424979724249,0.012556742252759602,49
closeness_centrality_0,0.6104352527710192,0.015478188924898224,49
eigenvector_centrality_1,0.6299270072992702,0.016076884284241973,49
basic_expansion_3,0.648580697485807,0.015216487865609422,49
eigenvector_centrality_3,0.6804271424709382,0.013919636829519794,49
lsme_1,0.6663422546634226,0.015241611081238214,49
lsme_0,0.6775885374425521,0.013769581609158423,49
degree_centrality_3,0.6837523655041902,0.016242123235188286,49
basic_expansion_1,0.6869424168694241,0.01378273854744396,49
lsme_3,0.6921330089213301,0.012858684051367175,49
load_centrality_3,0.7018113003514462,0.01242815097156751,49
self_walk_2,0.7096242227629088,0.013552508542586288,49
closeness_centrality_1,0.7120843471208435,0.012682531725264696,49
degree_centrality_1,0.7157069478237361,0.01203996438859827,49
self_walk_3,0.7214652608813191,0.012680255257764627,49
basic_expansion_2,0.723330629899973,0.010296639149481498,49
page_rank_3,0.7254933765882672,0.012721772574847263,49
closeness_centrality_2,0.7204649905379833,0.014552408764122206,49
page_rank_1,0.7202757502027575,0.012591181017140969,49
self_walk_0,0.7225466342254664,0.015361616311395522,49
eigenvector_centrality_2,0.7250337929170045,0.008635301067530085,49
closeness_centrality_3,0.7224925655582589,0.010755622449979766,49
page_rank_0,0.7259799945931331,0.012586623659307855,49
load_centrality_2,0.7254393079210598,0.010904726653434312,49
load_centrality_0,0.7236550419032172,0.012871182223011918,49
basic_expansion_0,0.7279805352798053,0.012336545790932588,49
lsme_2,0.7247364152473642,0.013002811888941495,49
load_centrality_1,0.7310083806434172,0.009672097226276462,49
degree_centrality_0,0.7362800756961341,0.013131146617934308,49
eigenvector_centrality_0,0.7285752906190862,0.011043781719761484,49
